,white rice,Pol Sambol,Dhal Curry Thelata,Fish Kiri Hodi,Chicken Mixed Vege Salad,Creamy Chicken Curry Regular,Soya meat curry,Battered Mushroom Salad,Fried Fish (Salaya - 3),Ala Halmasso Thelata,Halmassan Themparaduwa,Vege Salad,Chicken Themparaduwa,Vatakolu curry,Vegetable Egg Omlet,Creamy Chicken Curry Large,Dhal Curry Kirata,Chicken Baduma,Mushroom curry,Prawns Thelata,Kunisso Baduma,Fried Chicken Favor Piece,Malu Miris Thelata,red rice,NoodlesChicken Egg Noodle,Ala Kiri Hodi,Fried Paraa Fish,Carrot curry,Halmassan Thelata,Paraa Malu Kirata,Fried RiceTHREE FIFTY Pack,Dhal curry Thelata,Kochchi Pol Sambal,Chicken Cutlet,Maalu Miris Pirawuma Kirata,Fried RiceMeaty Mighty - 2 Persons,Red rice,Kadala curry,Gowa malluma,Pathola Curry,Muhudu Kukula Karawala Baduma,White rice,Sausage Mixed Vege Salad,Chicken Curry Regular Piece,Kiri Kos Curry,Gowa mal curry kirata,Chicken Curry Favor Piece,Mushroom curry Mirisata,Gotukola Sambal,Gizzard Curry Regular,Mushroom Thelata,Mixture,Cucumber curry,Bonchi curry kirata,Annasi Curry,Fish Bistek,Kadala Parippu Curry,Bonchi Malluma,Bandakka curry,Thumba Karawila curry,Kankun Thelata (Srilankan),Manioc Ala Malluma,Linna Karawala Baduma,Salmon Thelata (Premier Brand),Annasi curry,Kadala Parippu curry,Wambatu mojuwa,Mushroom Cutlet,Mugunuwanna Malluma,Fried Fish (Bolla),Beetroot Curry,Dambala Mallum,Karawila Salad,Mushroom curry Kirata,Prawn Salad,Arthapal Thelata,Chicken Curry Kirata,Battered Prawn Salad,Athu Gowa Malluma,Wattakka kalupola,Wambatu curry,Fried Potato Salad,Bala Karawala Baduma,Mushroom themparaduwa,VegetarianVege Delight,Kawpi Curry,Ambarella Curry,Nelum Ala curry,Kankun Malluma,Kos malluma,Egg Vege Cutlet,Chicken Curry,Karawala Baduma,Thalapath Karawala Baduma,Mora karawala baduma,Malu Miris Pirawuma Kirata,Vege Mixed Battered Cuttlefish Sala,Vege Mixed Battered Cuttlefish Salad,Chicken White Curry,Wambatu themparaduwa,Wambatu Badala Kirata,Kumbala Karawala Baduma,Sausage Thelata (2),Fried Papadam Miris(2),Mixed Meat Vege Salad,Fried Cuttlefish,Fish Badala,Prawns Cutlet,Watu Biththara Thelata,Mushroom Salad,Sausage Cutlet,Halmassan Curry Kirata,Simple and SuperBattered Chicken Meal,Gizzard Curry Large,Bandakka Fried Salad,Kunissan Sambol,Chicken Bistek Regular,Egg Bulls Eye,Malu Miris Kirata,Arthapal Baduma,Leeks Thelata,VegetarianVege Balanced Meal
white rice,0.9999999999999993,0.3017031630170316,0.468,0.017341040462427744,0.1046831955922865,0.05113636363636364,0.07262569832402235,0.2638888888888889,0.25630252100840334,0.005813953488372093,0.09254498714652955,0.2515463917525773,0.017341040462427744,0.011235955056179775,0.3014256619144603,0.005813953488372093,0.3123938879456706,0.005813953488372093,0.15639810426540285,0.14948453608247414,0.022099447513812154,0.045584045584045586,0.017241379310344827,0.0,0,0.2663316582914573,0.05056179775280899,0.07799442896935933,0.25287356321839083,0.011594202898550725,0,0.15183246073298431,0.13513513513513514,0.04945054945054945,0.017341040462427744,0,0.0,0.0,0.0,0.0057306590257879654,0.0,0.0,0.10335917312661497,0.010178117048346057,0.0,0.05221932114882506,0.04556962025316456,0.07216494845360824,0.0,0.017191977077363897,0.0,0.07027027027027027,0.0,0.15183246073298431,0.0,0.05,0.0,0.0,0.0,0.0,0.0,0.0,0.0,0.0,0.0,0.0,0.0,0.017045454545454544,0.0,0.022727272727272728,0.005434782608695652,0.0,0.0,0.0,0.03428571428571429,0.12499999999999999,0.017341040462427744,0.10695187165775401,0.0,0.0,0.0,0.0,0.005747126436781609,0.0110803324099723,0,0.0,0.0,0.0,0.0,0.0,0.0,0.0,0.0,0.0,0.0,0.04519774011299435,0.0,0.0,0.0,0.0,0.0,0.0,0.0,0.0,0.011594202898550725,0.005797101449275362,0.005763688760806916,0.011560693641618497,0.0,0,0.011461318051575931,0.005797101449275362,0,0.005813953488372093,0.017341040462427744,0.0676056338028169,0.08888888888888889,0.01729106628242075,0.017341040462427744,0.03988603988603989,0.005813953488372093,0
Pol Sambol,0.3017031630170316,1.0,0.2577777777777778,0.0,0.09090909090909091,0.07792207792207792,0.04819277108433735,0.03821656050955414,0.17910447761194026,0.028985507246376812,0.17543859649122806,0.13333333333333333,0.0,0.04938271604938271,0.12962962962962962,0.028985507246376812,0.06369426751592357,0.0,0.09523809523809525,0.035398230088495575,0.022988505747126436,0.0,0.0,0.12371134020618557,0,0.17886178861788618,0.09876543209876543,0.0,0.1,0.02857142857142857,0,0.11214953271028037,0.0,0.0,0.0,0,0.0,0.0,0.0,0.0,0.0,0.0,0.03571428571428571,0.0,0.0,0.0,0.05,0.035398230088495575,0.0,0.02702702702702703,0.0,0.021052631578947368,0.0,0.018691588785046728,0.0,0.0,0.0,0.0,0.0,0.0,0.0,0.0,0.0,0.0,0.0,0.0,0.0,0.025974025974025976,0.0,0.0,0.0,0.0,0.0,0.0,0.0,0.021505376344086023,0.0,0.020202020202020204,0.0,0.0,0.0,0.0,0.0,0.0,0,0.0,0.0,0.0,0.0,0.0,0.0,0.0,0.0,0.0,0.0,0.0,0.0,0.0,0.0,0.0,0.0,0.0,0.0,0.0,0.0,0.02857142857142857,0.0,0.028169014084507043,0.0,0,0.02702702702702703,0.0,0,0.0,0.028169014084507043,0.0,0.023529411764705882,0.0,0.028169014084507043,0.0,0.0,0
Dhal Curry Thelata,0.468,0.2577777777777778,1.0,0.0,0.0903954802259887,0.04819277108433735,0.06976744186046512,0.0975609756097561,0.21379310344827587,0.012658227848101266,0.13793103448275865,0.24080267558528437,0.0,0.0,0.22950819672131148,0.012658227848101266,0.0,0.0,0.1864406779661017,0.10891089108910891,0.0,0.0,0.0,0.11827956989247312,0,0.03773584905660377,0.023529411764705882,0.03468208092485549,0.24096385542168675,0.012578616352201259,0,0.0,0.06521739130434782,0.033707865168539325,0.0,0,0.06451612903225806,0.0,0.0,0.0,0.0,0.09462365591397849,0.05970149253731343,0.00966183574879227,0.022598870056497175,0.08121827411167512,0.05741626794258373,0.15841584158415842,0.01092896174863388,0.012269938650306749,0.0,0.11956521739130435,0.0,0.07142857142857142,0.0,0.011494252873563218,0.0,0.0,0.0,0.0,0.0,0.0,0.0,0.0,0.0,0.0,0.0,0.0,0.0,0.012048192771084338,0.054945054945054944,0.012578616352201259,0.024096385542168676,0.049079754601226995,0.07317073170731707,0.12087912087912088,0.0,0.1382978723404255,0.0,0.0,0.0,0.0,0.0,0.0,0,0.0,0.0,0.0,0.0,0.0,0.0,0.0,0.0,0.0,0.012048192771084338,0.07142857142857142,0.0,0.0,0.025,0.0,0.0,0.0,0.0,0.0,0.0,0.0,0.0,0.0,0.0,0,0.0,0.0,0,0.0,0.025,0.05917159763313609,0.04597701149425287,0.012422360248447204,0.0,0.0,0.0,0
Fish Kiri Hodi,0.017341040462427744,0.0,0.0,1.0,0.0,0.0,0.0,0.0,0.014705882352941176,0.0,0.0,0.013793103448275862,0.0,0.0,0.0,0.0,0.01606425702811245,0.0,0.024390243902439025,0.0,0.09090909090909091,0.0,0.0,0.0,0,0.0,0.0,0.0,0.0,0.0,0,0.0,0.0,0.0,0.0,0,0.0,0.0,0.0,0.0,0.0,0.0,0.0,0.0,0.0,0.0,0.0,0.0,0.0,0.0,0.0,0.0,0.0,0.0,0.0,0.0,0.0,0.0,0.0,0.0,0.0,0.0,0.0,0.0,0.0,0.0,0.0,0.0,0.0,0.0,0.0,0.0,0.0,0.0,0.0,0.0,0.0,0.0,0.0,0.0,0.0,0.0,0.0,0.0,0,0.0,0.0,0.0,0.0,0.0,0.0,0.0,0.0,0.0,0.0,0.0,0.0,0.0,0.0,0.0,0.0,0.0,0.0,0.0,0.0,0.0,0.0,0.0,0.0,0,0.0,0.0,0,0.0,0.0,0.0,0.0,0.0,0.0,0.0,0.0,0
Chicken Mixed Vege Salad,0.1046831955922865,0.09090909090909091,0.0903954802259887,0.0,1.0,0.06896551724137931,0.05714285714285714,0.0,0.013071895424836602,0.0,0.0,0.0,0.0,0.0,0.047619047619047616,0.0,0.06766917293233082,0.0,0.10101010101010101,0.15384615384615385,0.05128205128205128,0.14285714285714285,0.0,0.04081632653061224,0,0.0,0.0,0.0,0.0,0.0,0,0.0,0.0,0.0,0.0,0,0.0,0.0,0.0,0.0,0.0,0.0,0.0,0.0,0.0,0.0,0.0,0.0,0.0,0.0,0.0,0.0,0.0,0.0,0.0,0.0,0.0,0.0,0.0,0.0,0.0,0.0,0.0,0.0,0.0,0.0,0.0,0.0,0.0,0.0,0.0,0.0,0.0,0.0,0.0,0.0,0.0,0.0,0.0,0.0,0.0,0.0,0.0,0.0,0,0.0,0.0,0.0,0.0,0.0,0.0,0.0,0.0,0.0,0.0,0.0,0.0,0.0,0.0,0.0,0.0,0.0,0.0,0.0,0.0,0.0,0.0,0.0,0.0,0,0.0,0.0,0,0.0,0.0,0.0,0.05405405405405406,0.08333333333333333,0.08695652173913043,0.0,0.0,0
Creamy Chicken Curry Regular,0.05113636363636364,0.07792207792207792,0.04819277108433735,0.0,0.06896551724137931,1.0,0.08333333333333333,0.02040816326530612,0.0,0.0,0.0,0.013245033112582781,0.0,0.09090909090909091,0.03821656050955414,0.0,0.0,0.0,0.0,0.0,0.0,0.0,0.0,0.0,0,0.09375,0.0,0.0,0.0,0.0,0,0.0,0.0,0.0,0.0,0,0.0,0.0,0.0,0.0,0.0,0.0,0.0,0.0,0.0,0.0,0.0,0.0,0.0,0.0,0.0,0.0,0.0,0.0,0.0,0.0,0.0,0.0,0.0,0.0,0.0,0.0,0.0,0.0,0.0,0.0,0.0,0.0,0.0,0.0,0.0,0.0,0.0,0.0,0.0,0.0,0.0,0.0,0.0,0.0,0.0,0.0,0.0,0.0,0,0.0,0.0,0.0,0.0,0.0,0.0,0.0,0.0,0.0,0.0,0.0,0.0,0.0,0.0,0.0,0.0,0.0,0.0,0.0,0.0,0.0,0.0,0.0,0.0,0,0.0,0.18181818181818182,0,0.0,0.0,0.2857142857142857,0.0,0.0,0.0,0.0,0.0,0
Soya meat curry,0.07262569832402235,0.04819277108433735,0.06976744186046512,0.0,0.05714285714285714,0.08333333333333333,1.0,0.21153846153846154,0.10810810810810811,0.125,0.0,0.0,0.0,0.0,0.049079754601226995,0.0,0.022988505747126436,0.0,0.0,0.0,0.0,0.0,0.0,0.09090909090909091,0,0.0,0.0,0.0,0.0,0.0,0,0.0,0.0,0.0,0.0,0,0.0,0.0,0.0,0.0,0.0,0.0,0.0,0.0,0.0,0.0,0.0,0.0,0.0,0.0,0.0,0.0,0.0,0.0,0.0,0.0,0.0,0.0,0.0,0.0,0.0,0.0,0.0,0.0,0.0,0.0,0.0,0.0,0.0,0.0,0.0,0.0,0.0,0.0,0.0,0.0,0.0,0.0,0.0,0.0,0.0,0.0,0.0,0.0,0,0.0,0.0,0.0,0.0,0.0,0.0,0.0,0.0,0.0,0.0,0.0,0.0,0.0,0.0,0.0,0.0,0.0,0.0,0.0,0.0,0.0,0.0,0.0,0.0,0,0.0,0.0,0,0.0,0.0,0.0,0.0,0.0,0.0,0.0,0.0,0
Battered Mushroom Salad,0.2638888888888889,0.03821656050955414,0.0975609756097561,0.0,0.0,0.02040816326530612,0.21153846153846154,1.0000000000000002,0.18918918918918914,0.0,0.07407407407407407,0.025974025974025976,0.0,0.058823529411764705,0.17721518987341772,0.0,0.1253731343283582,0.0,0.03571428571428571,0.029850746268656716,0.0,0.020618556701030927,0.0,0.03389830508474576,0,0.19444444444444445,0.0196078431372549,0.0,0.23204419889502761,0.0,0,0.109375,0.034482758620689655,0.03636363636363636,0.043478260869565216,0,0.08053691275167785,0.07407407407407407,0.047244094488188976,0.0,0.0392156862745098,0.12090680100755667,0.0,0.07194244604316546,0.0,0.046511627906976744,0.028368794326241134,0.0,0.0,0.0,0.0,0.0,0.0,0.078125,0.10619469026548672,0.0,0.0,0.0,0.0,0.0,0.0,0.0,0.0,0.0,0.04040404040404041,0.04477611940298507,0.0,0.0,0.0,0.0,0.07017543859649122,0.0,0.0,0.0,0.020833333333333332,0.0,0.0,0.0,0.01904761904761905,0.0,0.0,0.0,0.0,0.0,0,0.021052631578947368,0.043478260869565216,0.0,0.043010752688172046,0.0,0.0,0.0,0.021739130434782608,0.0,0.02040816326530612,0.0,0.0,0.0,0.0,0.0425531914893617,0.0,0.0,0.0,0.0,0.0,0.0,0.043010752688172046,0.0,0.0,0,0.042105263157894736,0.0,0,0.0,0.0,0.0,0.09433962264150944,0.0,0.0,0.0,0.0,0
Fried Fish (Salaya - 3),0.25630252100840334,0.17910447761194026,0.21379310344827587,0.014705882352941176,0.013071895424836602,0.0,0.10810810810810811,0.18918918918918914,1.0,0.0,0.0335195530726257,0.2690909090909091,0.0,0.0,0.08540925266903916,0.0,0.2638522427440634,0.0,0.11320754716981132,0.011235955056179775,0.05263157894736842,0.0,0.043478260869565216,0.1111111111111111,0,0.1276595744680851,0.0,0.013422818791946308,0.035555555555555556,0.0,0,0.023255813953488372,0.0625,0.025974025974025976,0.0,0,0.11398963730569948,0.10526315789473684,0.023391812865497075,0.0,0.0136986301369863,0.23582766439909297,0.11299435028248588,0.07650273224043716,0.0,0.057803468208092484,0.021621621621621623,0.056179775280898875,0.06289308176100629,0.0,0.0,0.05,0.014184397163120567,0.023255813953488372,0.012738853503184714,0.0,0.02702702702702703,0.05333333333333334,0.0425531914893617,0.014388489208633094,0.0273972602739726,0.02877697841726619,0.014388489208633094,0.0,0.013986013986013986,0.07865168539325842,0.06944444444444445,0.014084507042253521,0.014184397163120567,0.0,0.02531645569620253,0.0,0.0,0.014388489208633094,0.014285714285714285,0.02531645569620253,0.0,0.0,0.013422818791946308,0.0410958904109589,0.0,0.0,0.0,0.052980132450331126,0,0.04316546762589928,0.014705882352941176,0.014814814814814815,0.014598540145985401,0.014285714285714285,0.04316546762589928,0.0,0.0,0.0,0.0,0.0,0.0,0.0,0.0,0.0,0.043795620437956206,0.014814814814814815,0.0,0.0,0.0,0.0,0.0,0.0,0.0,0,0.0,0.0,0,0.0,0.029411764705882353,0.013793103448275862,0.0,0.0,0.014705882352941176,0.014184397163120567,0.014925373134328358,0
Ala Halmasso Thelata,0.005813953488372093,0.028985507246376812,0.012658227848101266,0.0,0.0,0.0,0.125,0.0,0.0,1.0,0.0,0.0,0.0,0.0,0.0,0.0,0.0,0.0,0.0,0.0,0.0,0.0,0.0,0.0,0,0.0,0.0,0.0,0.0,0.0,0,0.0,0.0,0.0,0.0,0,0.0,0.0,0.0,0.0,0.0,0.0,0.0,0.0,0.0,0.0,0.0,0.0,0.0,0.0,0.0,0.0,0.0,0.0,0.0,0.0,0.0,0.0,0.0,0.0,0.0,0.0,0.0,0.0,0.0,0.0,0.0,0.0,0.0,0.0,0.0,0.0,0.0,0.0,0.0,0.0,0.0,0.0,0.0,0.0,0.0,0.0,0.0,0.0,0,0.0,0.0,0.0,0.0,0.0,0.0,0.0,0.0,0.0,0.0,0.0,0.0,0.0,0.0,0.0,0.0,0.0,0.0,0.0,0.0,0.0,0.0,0.0,0.0,0,0.0,0.0,0,0.0,0.0,0.0,0.0,0.0,0.0,0.0,0.0,0
Halmassan Themparaduwa,0.09254498714652955,0.17543859649122806,0.13793103448275865,0.0,0.0,0.0,0.0,0.07407407407407407,0.0335195530726257,0.0,0.9999999999999999,0.06382978723404255,0.04081632653061224,0.1016949152542373,0.041237113402061855,0.0,0.08904109589041095,0.0,0.128,0.0,0.0,0.0,0.0,0.08,0,0.0,0.0,0.0,0.0,0.0,0,0.0,0.0,0.029850746268656716,0.0,0,0.07547169811320754,0.0,0.0,0.0,0.0,0.11864406779661017,0.022222222222222223,0.0625,0.24242424242424243,0.0,0.061224489795918366,0.0,0.25,0.0,0.0,0.0,0.0,0.1411764705882353,0.11428571428571428,0.0,0.0,0.0,0.0,0.0,0.0,0.0,0.0,0.0,0.0,0.06593406593406594,0.0,0.03636363636363636,0.0,0.0,0.0,0.0,0.0,0.0,0.0,0.0,0.0,0.025974025974025976,0.0,0.03389830508474576,0.0,0.0,0.0,0.0,0,0.038461538461538464,0.0,0.0,0.04,0.0,0.0,0.038461538461538464,0.0,0.0,0.0,0.0,0.0,0.0,0.0,0.0,0.0,0.0,0.0,0.0,0.0,0.041666666666666664,0.0,0.04081632653061224,0.0,0,0.0,0.0,0,0.0,0.0,0.0,0.0,0.04,0.0,0.0,0.0,0
Vege Salad,0.2515463917525773,0.13333333333333333,0.24080267558528437,0.013793103448275862,0.0,0.013245033112582781,0.0,0.025974025974025976,0.2690909090909091,0.0,0.06382978723404255,1.0000000000000004,0.013793103448275862,0.025806451612903226,0.15862068965517243,0.0,0.21649484536082458,0.0,0.13574660633484162,0.10695187165775401,0.049689440993788817,0.02666666666666667,0.013605442176870748,0.07017543859649122,0,0.1319796954314721,0.012903225806451613,0.02531645569620253,0.08547008547008547,0.0,0,0.09944751381215469,0.07100591715976332,0.012269938650306749,0.0,0,0.0891089108910891,0.024844720496894408,0.03333333333333333,0.0,0.012903225806451613,0.29333333333333345,0.0,0.17708333333333334,0.024691358024691357,0.0989010989010989,0.17525773195876282,0.13903743315508024,0.023809523809523808,0.02702702702702703,0.0379746835443038,0.023668639053254437,0.0,0.022099447513812154,0.04819277108433735,0.025157232704402517,0.025477707006369428,0.025157232704402517,0.02666666666666667,0.013513513513513514,0.0,0.02702702702702703,0.02702702702702703,0.0,0.02631578947368421,0.10695187165775401,0.026143790849673203,0.013245033112582781,0.02666666666666667,0.013245033112582781,0.011976047904191617,0.0,0.039735099337748346,0.013513513513513514,0.0,0.0718562874251497,0.0,0.011560693641618497,0.0,0.025806451612903226,0.04054054054054054,0.0,0.0,0.05,0,0.0,0.0,0.0,0.0,0.013422818791946308,0.02702702702702703,0.0,0.013793103448275862,0.013793103448275862,0.0,0.0,0.0,0.0,0.0,0.0,0.0410958904109589,0.027777777777777776,0.0,0.013333333333333334,0.013888888888888888,0.0,0.0136986301369863,0.0,0.0,0,0.0,0.0,0,0.013986013986013986,0.0,0.0,0.0,0.0,0.0,0.013333333333333334,0.0,0
Chicken Themparaduwa,0.017341040462427744,0.0,0.0,0.0,0.0,0.0,0.0,0.0,0.0,0.0,0.04081632653061224,0.013793103448275862,1.0,0.0,0.013245033112582781,0.0,0.0,0.0,0.0,0.0,0.0,0.0,0.0,0.0,0,0.034482758620689655,0.25,0.0,0.0,0.0,0,0.0,0.0,0.0,0.0,0,0.0,0.0,0.0,0.0,0.0,0.0,0.0,0.0,0.0,0.0,0.0,0.0,0.0,0.0,0.0,0.0,0.0,0.0,0.0,0.0,0.0,0.0,0.0,0.0,0.0,0.0,0.0,0.0,0.0,0.0,0.0,0.0,0.0,0.0,0.0,0.0,0.0,0.0,0.0,0.0,0.0,0.0,0.0,0.0,0.0,0.0,0.0,0.0,0,0.0,0.0,0.0,0.0,0.0,0.0,0.0,0.0,0.0,0.0,0.0,0.0,0.0,0.0,0.0,0.0,0.0,0.0,0.0,0.0,0.0,0.0,0.0,0.0,0,0.0,0.0,0,0.0,0.0,0.0,0.0,0.0,0.0,0.0,0.0,0
Vatakolu curry,0.011235955056179775,0.04938271604938271,0.0,0.0,0.0,0.09090909090909091,0.0,0.058823529411764705,0.0,0.0,0.1016949152542373,0.025806451612903226,0.0,1.0,0.037267080745341616,0.0,0.04633204633204633,0.0,0.0,0.0,0.0,0.0,0.0,0.0,0,0.0,0.0,0.0,0.0,0.0,0,0.0,0.0,0.058823529411764705,0.0,0,0.0547945205479452,0.0,0.0784313725490196,0.0,0.07692307692307693,0.056074766355140186,0.0,0.0,0.0,0.0,0.06153846153846154,0.0,0.0,0.0,0.0,0.0,0.0,0.0,0.0,0.0,0.0,0.06666666666666667,0.0,0.0,0.0,0.0,0.0,0.0,0.0,0.034482758620689655,0.0,0.0,0.0,0.0,0.0,0.0,0.0,0.0,0.0,0.0,0.0,0.0,0.0,0.0,0.0,0.0,0.0,0.0,0,0.0,0.0,0.0,0.23529411764705882,0.0,0.0,0.0,0.0,0.0,0.0,0.0,0.0,0.0,0.0,0.0,0.0,0.0,0.0,0.0,0.0,0.0,0.0,0.0,0.25,0,0.0,0.0,0,0.0,0.0,0.0,0.0,0.0,0.0,0.0,0.0,0
Vegetable Egg Omlet,0.3014256619144603,0.12962962962962962,0.22950819672131148,0.0,0.047619047619047616,0.03821656050955414,0.049079754601226995,0.17721518987341772,0.08540925266903916,0.0,0.041237113402061855,0.15862068965517243,0.013245033112582781,0.037267080745341616,0.9999999999999984,0.0,0.13705583756345177,0.0,0.14096916299559473,0.0,0.011976047904191617,0.0,0.0,0.11299435028248588,0,0.06896551724137931,0.062111801242236024,0.012195121951219513,0.10833333333333334,0.0,0,0.16042780748663105,0.045714285714285714,0.05917159763313609,0.0,0,0.10576923076923077,0.04790419161676647,0.06451612903225806,0.025974025974025976,0.024844720496894408,0.2324561403508772,0.09375,0.08080808080808081,0.03571428571428571,0.09574468085106383,0.07,0.05181347150259067,0.011494252873563218,0.012987012987012988,0.024390243902439025,0.05714285714285714,0.01282051282051282,0.07486631016042782,0.046511627906976744,0.0,0.03680981595092025,0.012121212121212121,0.01282051282051282,0.012987012987012988,0.012422360248447204,0.012987012987012988,0.025974025974025976,0.0,0.02531645569620253,0.13471502590673576,0.025157232704402517,0.025477707006369428,0.0,0.025477707006369428,0.046242774566473986,0.0,0.012738853503184714,0.025974025974025976,0.06451612903225806,0.046242774566473986,0.013245033112582781,0.0223463687150838,0.07317073170731707,0.037267080745341616,0.025974025974025976,0.0,0.0,0.03614457831325301,0,0.0,0.0,0.0,0.0,0.012903225806451613,0.0,0.0,0.013245033112582781,0.0,0.03821656050955414,0.012578616352201259,0.0,0.0,0.0,0.0,0.013157894736842105,0.0,0.013157894736842105,0.01282051282051282,0.0,0.0,0.0,0.0,0.0,0,0.0,0.013333333333333334,0,0.0,0.0,0.025,0.012121212121212121,0.0,0.0,0.01282051282051282,0.013422818791946308,0
Creamy Chicken Curry Large,0.005813953488372093,0.028985507246376812,0.012658227848101266,0.0,0.0,0.0,0.0,0.0,0.0,0.0,0.0,0.0,0.0,0.0,0.0,1.0,0.0,0.0,0.0,0.0,0.0,0.0,0.0,0.0,0,0.0,0.0,0.0,0.0,0.0,0,0.0,0.0,0.0,0.0,0,0.0,0.0,0.0,0.0,0.0,0.0,0.0,0.0,0.0,0.0,0.0,0.0,0.0,0.0,0.0,0.0,0.0,0.0,0.0,0.0,0.0,0.0,0.0,0.0,0.0,0.0,0.0,0.0,0.0,0.0,0.0,0.0,0.0,0.0,0.0,0.0,0.0,0.0,0.0,0.0,0.0,0.0,0.0,0.0,0.0,0.0,0.0,0.0,0,0.0,0.0,0.0,0.0,0.0,0.0,0.0,0.0,0.0,0.0,0.0,0.0,0.0,0.0,0.0,0.0,0.0,0.0,0.0,0.0,0.0,0.0,0.0,0.0,0,0.0,0.0,0,0.0,0.0,0.0,0.0,0.0,0.0,0.0,0.0,0
Dhal Curry Kirata,0.3123938879456706,0.06369426751592357,0.0,0.01606425702811245,0.06766917293233082,0.0,0.022988505747126436,0.1253731343283582,0.2638522427440634,0.0,0.08904109589041095,0.21649484536082458,0.0,0.04633204633204633,0.13705583756345177,0.0,0.9999999999999998,0.0,0.20307692307692307,0.09621993127147767,0.09056603773584905,0.06299212598425197,0.0398406374501992,0.05818181818181818,0,0.0,0.015444015444015444,0.0,0.029585798816568046,0.0,0,0.0,0.10256410256410256,0.08239700374531835,0.0,0,0.0784313725490196,0.06792452830188679,0.05633802816901408,0.007936507936507936,0.04633204633204633,0.48375451263537966,0.08275862068965517,0.16891891891891891,0.015037593984962405,0.03496503496503497,0.040268456375838924,0.07560137457044673,0.058823529411764705,0.015873015873015872,0.0,0.0,0.0,0.12631578947368421,0.044444444444444446,0.10646387832699619,0.0,0.03802281368821293,0.007874015748031496,0.023809523809523808,0.0694980694980695,0.007936507936507936,0.03968253968253968,0.05511811023622047,0.0390625,0.006872852233676976,0.04669260700389105,0.023529411764705882,0.03937007874015748,0.00784313725490196,0.05166051660516605,0.0,0.0,0.0,0.007905138339920948,0.07380073800738007,0.024096385542168676,0.07942238267148015,0.030534351145038167,0.015444015444015444,0.015873015873015872,0.02390438247011952,0.0398406374501992,0.09848484848484848,0,0.031746031746031744,0.01606425702811245,0.008064516129032258,0.016,0.03162055335968379,0.03968253968253968,0.031746031746031744,0.0,0.01606425702811245,0.023529411764705882,0.0,0.0,0.01606425702811245,0.0,0.0,0.0,0.0,0.0,0.0,0.016129032258064516,0.0,0.016,0.008032128514056224,0.01606425702811245,0,0.03968253968253968,0.008064516129032258,0,0.0,0.0,0.03875968992248062,0.060836501901140684,0.008,0.01606425702811245,0.03937007874015748,0.0,0
Chicken Baduma,0.005813953488372093,0.0,0.0,0.0,0.0,0.0,0.0,0.0,0.0,0.0,0.0,0.0,0.0,0.0,0.0,0.0,0.0,1.0,0.0,0.0,0.0,0.0,0.0,0.0,0,0.03571428571428571,0.0,0.0,0.0,0.0,0,0.0,0.0,0.0,0.0,0,0.0,0.0,0.0,0.0,0.0,0.0,0.0,0.0,0.0,0.0,0.0,0.0,0.0,0.0,0.0,0.0,0.0,0.0,0.0,0.0,0.0,0.0,0.0,0.0,0.0,0.0,0.0,0.0,0.0,0.0,0.0,0.0,0.0,0.0,0.0,0.0,0.0,0.0,0.0,0.0,0.0,0.0,0.0,0.0,0.0,0.0,0.0,0.0,0,0.0,0.0,0.0,0.0,0.0,0.0,0.0,0.0,0.0,0.0,0.0,0.0,0.0,0.0,0.0,0.0,0.0,0.0,0.0,0.0,0.0,0.0,0.0,0.0,0,0.0,0.0,0,0.0,0.0,0.0,0.0,0.4,0.0,0.0,0.0,0
Mushroom curry,0.15639810426540285,0.09523809523809525,0.1864406779661017,0.024390243902439025,0.10101010101010101,0.0,0.0,0.03571428571428571,0.11320754716981132,0.0,0.128,0.13574660633484162,0.0,0.0,0.14096916299559473,0.0,0.20307692307692307,0.0,1.0,0.03225806451612903,0.0,0.04597701149425287,0.047619047619047616,0.07407407407407407,0,0.014925373134328358,0.0,0.0,0.0,0.0,0,0.0,0.0,0.04,0.0,0,0.07194244604316546,0.04081632653061224,0.08547008547008547,0.0,0.021739130434782608,0.1912144702842376,0.032520325203252036,0.32558139534883723,0.08080808080808081,0.0,0.0,0.0,0.0,0.023529411764705882,0.0,0.0,0.0,0.0,0.07766990291262135,0.020833333333333332,0.0,0.0,0.0,0.0,0.0,0.023529411764705882,0.0,0.0,0.0,0.016129032258064516,0.0,0.045454545454545456,0.0,0.0,0.057692307692307696,0.0,0.0,0.0,0.0,0.0,0.0,0.12727272727272726,0.0,0.0,0.0,0.0,0.0,0.0,0,0.0,0.0,0.0,0.0,0.0,0.0,0.0,0.0,0.0,0.045454545454545456,0.0,0.0,0.0,0.04878048780487805,0.07142857142857142,0.0,0.0,0.0,0.0,0.024691358024691357,0.0,0.04819277108433735,0.024390243902439025,0.0,0,0.023529411764705882,0.0,0,0.0,0.07317073170731707,0.0,0.0,0.0,0.0,0.0,0.0,0
Prawns Thelata,0.14948453608247414,0.035398230088495575,0.10891089108910891,0.0,0.15384615384615385,0.0,0.0,0.029850746268656716,0.011235955056179775,0.0,0.0,0.10695187165775401,0.0,0.0,0.0,0.0,0.09621993127147767,0.0,0.03225806451612903,0.9999999999999996,0.0,0.0,0.08,0.02702702702702703,0,0.02,0.0,0.03278688524590164,0.029197080291970802,0.0,0,0.07142857142857142,0.1111111111111111,0.0,0.08333333333333333,0,0.0380952380952381,0.0,0.24096385542168675,0.0,0.0,0.0736543909348442,0.02247191011235955,0.0,0.0,0.0,0.0,0.022222222222222223,0.0,0.0,0.09836065573770492,0.1111111111111111,0.18867924528301888,0.09523809523809523,0.0,0.0,0.0,0.0,0.0,0.0,0.0,0.0,0.0,0.0,0.0,0.13333333333333333,0.0,0.0,0.0,0.0,0.0,0.0,0.0,0.0,0.0,0.3142857142857143,0.0,0.0,0.0,0.0,0.0,0.0,0.0,0.0,0,0.0,0.0,0.0,0.0,0.0,0.0,0.0,0.0,0.0,0.0,0.0,0.0,0.0,0.0,0.0,0.0,0.0,0.0,0.07547169811320754,0.0,0.0,0.0,0.0,0.0,0,0.0,0.0,0,0.0,0.0,0.0,0.0,0.0,0.0,0.0,0.0,0
Kunisso Baduma,0.022099447513812154,0.022988505747126436,0.0,0.09090909090909091,0.05128205128205128,0.0,0.0,0.0,0.05263157894736842,0.0,0.0,0.049689440993788817,0.0,0.0,0.011976047904191617,0.0,0.09056603773584905,0.0,0.0,0.0,1.0,0.07407407407407407,0.0,0.0,0,0.0,0.0,0.0,0.0,0.0,0,0.0,0.0,0.05,0.0,0,0.0759493670886076,0.05263157894736842,0.0,0.0,0.0,0.07339449541284403,0.0,0.0,0.0,0.0,0.0,0.0,0.0,0.0,0.17142857142857143,0.08695652173913043,0.0,0.0,0.09302325581395349,0.0,0.23529411764705882,0.05555555555555555,0.07407407407407407,0.0,0.0,0.0,0.0,0.0,0.13793103448275862,0.0,0.26666666666666666,0.07142857142857142,0.07407407407407407,0.0,0.0,0.0,0.0,0.0,0.0,0.0,0.0,0.0,0.0,0.0,0.0,0.0,0.0,0.0,0,0.0,0.0,0.0,0.0,0.0,0.0,0.0,0.0,0.0,0.0,0.0,0.0,0.0,0.0,0.0,0.0,0.0,0.0,0.0,0.0,0.0,0.0,0.0,0.09090909090909091,0,0.08,0.0,0,0.0,0.0,0.0,0.0,0.08695652173913043,0.09090909090909091,0.0,0.0,0
Fried Chicken Favor Piece,0.045584045584045586,0.0,0.0,0.0,0.14285714285714285,0.0,0.0,0.020618556701030927,0.0,0.0,0.0,0.02666666666666667,0.0,0.0,0.0,0.0,0.06299212598425197,0.0,0.04597701149425287,0.0,0.07407407407407407,1.0,0.0,0.0,0,0.0,0.0,0.0,0.0,0.0,0,0.0,0.0,0.0,0.0,0,0.0,0.0,0.0,0.0,0.0,0.0,0.0,0.0,0.0,0.0,0.0,0.0,0.0,0.0,0.0,0.0,0.0,0.0,0.0,0.0,0.0,0.0,0.0,0.0,0.0,0.0,0.0,0.0,0.0,0.0,0.0,0.0,0.0,0.0,0.0,0.0,0.0,0.0,0.0,0.0,0.0,0.0,0.0,0.0,0.0,0.0,0.0,0.0,0,0.0,0.0,0.0,0.0,0.0,0.0,0.0,0.0,0.0,0.0,0.0,0.0,0.0,0.0,0.0,0.0,0.0,0.0,0.0,0.0,0.0,0.0,0.0,0.0,0,0.0,0.0,0,0.0,0.0,0.0,0.0,0.0,0.0,0.0,0.0,0
Malu Miris Thelata,0.017241379310344827,0.0,0.0,0.0,0.0,0.0,0.0,0.0,0.043478260869565216,0.0,0.0,0.013605442176870748,0.0,0.0,0.0,0.0,0.0398406374501992,0.0,0.047619047619047616,0.08,0.0,0.0,1.0,0.11764705882352941,0,0.0,0.0,0.0,0.0,0.0,0,0.0,0.0,0.0,0.0,0,0.0,0.0,0.0,0.0,0.0,0.0,0.0,0.0,0.0,0.0,0.0,0.0,0.0,0.0,0.0,0.0,0.0,0.0,0.0,0.0,0.0,0.0,0.0,0.0,0.0,0.0,0.0,0.0,0.0,0.0,0.0,0.0,0.0,0.0,0.0,0.0,0.0,0.0,0.0,0.0,0.0,0.0,0.0,0.0,0.0,0.0,0.0,0.0,0,0.0,0.0,0.0,0.0,0.0,0.0,0.0,0.0,0.0,0.0,0.0,0.0,0.0,0.0,0.0,0.0,0.0,0.0,0.0,0.0,0.0,0.0,0.0,0.0,0,0.0,0.0,0,0.0,0.0,0.0,0.0,0.0,0.0,0.0,0.0,0
red rice,0.0,0.12371134020618557,0.11827956989247312,0.0,0.04081632653061224,0.0,0.09090909090909091,0.03389830508474576,0.1111111111111111,0.0,0.08,0.07017543859649122,0.0,0.0,0.11299435028248588,0.0,0.05818181818181818,0.0,0.07407407407407407,0.02702702702702703,0.0,0.0,0.11764705882352941,1.0,0,0.047619047619047616,0.047619047619047616,0.08888888888888889,0.06611570247933884,0.0,0,0.029411764705882353,0.07142857142857142,0.0,0.0,0,0.0,0.0,0.0,0.0,0.0,0.0,0.0273972602739726,0.0,0.0,0.0,0.024691358024691357,0.02702702702702703,0.0,0.05714285714285714,0.0,0.0,0.0,0.058823529411764705,0.0,0.0,0.0,0.0,0.0,0.0,0.0,0.0,0.0,0.0,0.0,0.0,0.0,0.0,0.0,0.05263157894736842,0.0,0.0,0.0,0.0,0.0,0.07407407407407407,0.0,0.06666666666666667,0.0,0.0,0.0,0.0,0.0,0.0,0,0.0,0.0,0.0,0.0,0.0,0.0,0.0,0.0,0.0,0.0,0.05,0.0,0.0,0.0,0.0,0.0,0.0,0.0,0.0,0.0,0.0,0.0,0.0,0.0,0,0.0,0.0,0,0.0,0.0,0.0,0.043478260869565216,0.06060606060606061,0.0,0.05405405405405406,0.0,0
NoodlesChicken Egg Noodle,0.0,0.0,0.0,0.0,0.0,0.0,0.0,0.0,0.0,0.0,0.0,0.0,0.0,0.0,0.0,0.0,0.0,0.0,0.0,0.0,0.0,0.0,0.0,0.0,0,0.0,0.0,0.0,0.0,0.0,0,0.0,0.0,0.0,0.0,0,0.0,0.0,0.0,0.0,0.0,0.0,0.0,0.0,0.0,0.0,0.0,0.0,0.0,0.0,0.0,0.0,0.0,0.0,0.0,0.0,0.0,0.0,0.0,0.0,0.0,0.0,0.0,0.0,0.0,0.0,0.0,0.0,0.0,0.0,0.0,0.0,0.0,0.0,0.0,0.0,0.0,0.0,0.0,0.0,0.0,0.0,0.0,0.0,0,0.0,0.0,0.0,0.0,0.0,0.0,0.0,0.0,0.0,0.0,0.0,0.0,0.0,0.0,0.0,0.0,0.0,0.0,0.0,0.0,0.0,0.0,0.0,0.0,0,0.0,0.0,0,0.0,0.0,0.0,0.0,0.0,0.0,0.0,0.0,0
Ala Kiri Hodi,0.2663316582914573,0.17886178861788618,0.03773584905660377,0.0,0.0,0.09375,0.0,0.19444444444444445,0.1276595744680851,0.0,0.0,0.1319796954314721,0.034482758620689655,0.0,0.06896551724137931,0.0,0.0,0.03571428571428571,0.014925373134328358,0.02,0.0,0.0,0.0,0.047619047619047616,0,1.0,0.08823529411764706,0.28169014084507044,0.3537414965986395,0.03508771929824561,0,0.0,0.0,0.0,0.0,0,0.0,0.0,0.0,0.0,0.0,0.0,0.0,0.0,0.0,0.042105263157894736,0.0,0.0,0.0,0.03278688524590164,0.0,0.0,0.0,0.0,0.0,0.0,0.0,0.0,0.0,0.0,0.0,0.0,0.0,0.0,0.0,0.0,0.0,0.03125,0.0,0.0,0.0,0.0,0.0,0.0,0.0,0.0,0.0,0.046511627906976744,0.0,0.0,0.0,0.0,0.0,0.0,0,0.0,0.0,0.0,0.0,0.0,0.0,0.0,0.0,0.0,0.0,0.0,0.0,0.0,0.0,0.0,0.0,0.0,0.0,0.0,0.0,0.0,0.0,0.034482758620689655,0.0,0,0.0,0.0,0,0.03571428571428571,0.0,0.14925373134328357,0.0,0.03389830508474576,0.0,0.0,0.0,0
Fried Paraa Fish,0.05056179775280899,0.09876543209876543,0.023529411764705882,0.0,0.0,0.0,0.0,0.0196078431372549,0.0,0.0,0.0,0.012903225806451613,0.25,0.0,0.062111801242236024,0.0,0.015444015444015444,0.0,0.0,0.0,0.0,0.0,0.0,0.047619047619047616,0,0.08823529411764706,1.0,0.0,0.01904761904761905,0.0,0,0.038461538461538464,0.0,0.0,0.125,0,0.0,0.0,0.0,0.0,0.0,0.018691588785046728,0.03508771929824561,0.0,0.0,0.0,0.0,0.034482758620689655,0.0,0.0,0.0,0.1,0.0,0.0,0.0,0.0,0.0,0.0,0.0,0.21052631578947367,0.07692307692307693,0.0,0.0,0.0,0.0,0.0,0.0,0.0,0.0,0.0,0.0,0.0,0.0,0.0,0.0,0.05263157894736842,0.0,0.0,0.0,0.0,0.0,0.0,0.0,0.0,0,0.0,0.0,0.0,0.0,0.0,0.0,0.0,0.0,0.0,0.0,0.0,0.0,0.0,0.0,0.0,0.0,0.0,0.0,0.0,0.0,0.0,0.0,0.0,0.0,0,0.0,0.0,0,0.0,0.0,0.0,0.0,0.0,0.0,0.0,0.0,0
Carrot curry,0.07799442896935933,0.0,0.03468208092485549,0.0,0.0,0.0,0.0,0.0,0.013422818791946308,0.0,0.0,0.02531645569620253,0.0,0.0,0.012195121951219513,0.0,0.0,0.0,0.0,0.03278688524590164,0.0,0.0,0.0,0.08888888888888889,0,0.28169014084507044,0.0,1.0,0.16666666666666666,0.1111111111111111,0,0.0,0.09302325581395349,0.0,0.0,0,0.0,0.0,0.0,0.0,0.0,0.0,0.0,0.0,0.0,0.0,0.0,0.0,0.0,0.0,0.0,0.0,0.0,0.0,0.0,0.0,0.0,0.0,0.0,0.0,0.0,0.0,0.0,0.0,0.0,0.0,0.0,0.0,0.0,0.32,0.0,0.0,0.0,0.0,0.0,0.0,0.0,0.0,0.0,0.0,0.0,0.0,0.0,0.0,0,0.0,0.0,0.0,0.0,0.0,0.0,0.0,0.0,0.0,0.0,0.0,0.0,0.0,0.0,0.0,0.0,0.0,0.0,0.0,0.0,0.0,0.0,0.0,0.0,0,0.0,0.0,0,0.0,0.0,0.0,0.0,0.0,0.0,0.0,0.0,0
Halmassan Thelata,0.25287356321839083,0.1,0.24096385542168675,0.0,0.0,0.0,0.0,0.23204419889502761,0.035555555555555556,0.0,0.0,0.08547008547008547,0.0,0.0,0.10833333333333334,0.0,0.029585798816568046,0.0,0.0,0.029197080291970802,0.0,0.0,0.0,0.06611570247933884,0,0.3537414965986395,0.01904761904761905,0.16666666666666666,0.9999999999999999,0.0,0,0.030534351145038167,0.0,0.07079646017699115,0.021052631578947368,0,0.06578947368421052,0.0,0.0,0.0,0.0,0.14,0.0,0.0,0.05357142857142857,0.25757575757575757,0.05555555555555555,0.16058394160583941,0.1016949152542373,0.0,0.0,0.06722689075630252,0.0,0.0,0.0,0.0,0.0,0.0,0.0,0.0,0.0,0.0,0.0,0.0,0.0,0.0,0.0,0.0,0.0,0.0,0.13675213675213677,0.0,0.039603960396039604,0.061224489795918366,0.0,0.03418803418803419,0.0,0.04878048780487805,0.0,0.0,0.0,0.0,0.0,0.0,0,0.0,0.0,0.0,0.0,0.0,0.0,0.0,0.0,0.0,0.0,0.11650485436893204,0.0,0.0,0.0,0.0,0.0,0.0,0.0,0.0,0.0,0.0,0.0,0.0,0.0,0,0.0,0.0,0,0.0,0.0,0.0,0.0,0.0,0.0,0.0,0.0,0
Paraa Malu Kirata,0.011594202898550725,0.02857142857142857,0.012578616352201259,0.0,0.0,0.0,0.0,0.0,0.0,0.0,0.0,0.0,0.0,0.0,0.0,0.0,0.0,0.0,0.0,0.0,0.0,0.0,0.0,0.0,0,0.03508771929824561,0.0,0.1111111111111111,0.0,1.0,0,0.0,0.0,0.0,0.0,0,0.0,0.0,0.0,0.0,0.0,0.0,0.0,0.0,0.0,0.0,0.0,0.0,0.0,0.0,0.0,0.0,0.0,0.0,0.0,0.0,0.0,0.0,0.0,0.0,0.0,0.0,0.0,0.0,0.0,0.0,0.0,0.0,0.0,0.0,0.0,0.0,0.0,0.0,0.0,0.0,0.0,0.0,0.0,0.0,0.0,0.0,0.0,0.0,0,0.0,0.0,0.0,0.0,0.0,0.0,0.0,0.0,0.0,0.0,0.0,0.0,0.0,0.0,0.0,0.0,0.0,0.0,0.0,0.0,0.0,0.0,0.0,0.0,0,0.0,0.0,0,0.0,0.0,0.0,0.0,0.0,0.0,0.0,0.0,0
Fried RiceTHREE FIFTY Pack,0.0,0.0,0.0,0.0,0.0,0.0,0.0,0.0,0.0,0.0,0.0,0.0,0.0,0.0,0.0,0.0,0.0,0.0,0.0,0.0,0.0,0.0,0.0,0.0,0,0.0,0.0,0.0,0.0,0.0,0,0.0,0.0,0.0,0.0,0,0.0,0.0,0.0,0.0,0.0,0.0,0.0,0.0,0.0,0.0,0.0,0.0,0.0,0.0,0.0,0.0,0.0,0.0,0.0,0.0,0.0,0.0,0.0,0.0,0.0,0.0,0.0,0.0,0.0,0.0,0.0,0.0,0.0,0.0,0.0,0.0,0.0,0.0,0.0,0.0,0.0,0.0,0.0,0.0,0.0,0.0,0.0,0.0,0,0.0,0.0,0.0,0.0,0.0,0.0,0.0,0.0,0.0,0.0,0.0,0.0,0.0,0.0,0.0,0.0,0.0,0.0,0.0,0.0,0.0,0.0,0.0,0.0,0,0.0,0.0,0,0.0,0.0,0.0,0.0,0.0,0.0,0.0,0.0,0
Dhal curry Thelata,0.15183246073298431,0.11214953271028037,0.0,0.0,0.0,0.0,0.0,0.109375,0.023255813953488372,0.0,0.0,0.09944751381215469,0.0,0.0,0.16042780748663105,0.0,0.0,0.0,0.0,0.07142857142857142,0.0,0.0,0.0,0.029411764705882353,0,0.0,0.038461538461538464,0.0,0.030534351145038167,0.0,0,0.9999999999999998,0.0,0.0,0.09523809523809523,0,0.04040404040404041,0.0,0.0,0.0,0.11538461538461539,0.04034582132564842,0.26506024096385544,0.0,0.0,0.0,0.21978021978021978,0.0,0.0,0.0,0.21818181818181817,0.030303030303030304,0.0425531914893617,0.1282051282051282,0.0,0.0,0.0,0.0,0.0,0.0,0.0,0.0,0.0,0.0,0.0,0.0,0.0,0.0,0.0,0.041666666666666664,0.0,0.0,0.0,0.0,0.0,0.0,0.0,0.0,0.0,0.0,0.0,0.0,0.0,0.0,0,0.0,0.0,0.0,0.0,0.0,0.0,0.0,0.0,0.0,0.0,0.0,0.0,0.0,0.0,0.0,0.0,0.0,0.0,0.0,0.0,0.0,0.0,0.0,0.0,0,0.0,0.0,0,0.0,0.0,0.0,0.0,0.0,0.0,0.0,0.0,0
Kochchi Pol Sambal,0.13513513513513514,0.0,0.06521739130434782,0.0,0.0,0.0,0.0,0.034482758620689655,0.0625,0.0,0.0,0.07100591715976332,0.0,0.0,0.045714285714285714,0.0,0.10256410256410256,0.0,0.0,0.1111111111111111,0.0,0.0,0.0,0.07142857142857142,0,0.0,0.0,0.09302325581395349,0.0,0.0,0,0.0,1.0,0.0,0.0,0,0.0,0.0,0.0,0.0,0.0,0.0,0.0,0.0,0.0,0.0,0.0,0.0,0.0,0.0,0.0,0.0,0.0,0.06060606060606061,0.0,0.09090909090909091,0.0,0.0,0.0,0.0,0.0,0.0,0.0,0.0,0.0,0.0,0.0,0.0,0.0,0.1111111111111111,0.0,0.0,0.0,0.0,0.0,0.19230769230769232,0.0,0.13793103448275862,0.0,0.0,0.0,0.0,0.0,0.0,0,0.0,0.0,0.0,0.0,0.0,0.0,0.0,0.0,0.0,0.0,0.0,0.0,0.0,0.0,0.0,0.0,0.0,0.0,0.0,0.0,0.0,0.0,0.0,0.0,0,0.0,0.0,0,0.0,0.0,0.0,0.045454545454545456,0.0,0.0,0.0,0.0,0
Chicken Cutlet,0.04945054945054945,0.0,0.033707865168539325,0.0,0.0,0.0,0.0,0.03636363636363636,0.025974025974025976,0.0,0.029850746268656716,0.012269938650306749,0.0,0.058823529411764705,0.05917159763313609,0.0,0.08239700374531835,0.0,0.04,0.0,0.05,0.0,0.0,0.0,0,0.0,0.0,0.0,0.07079646017699115,0.0,0,0.0,0.0,1.0,0.0,0,0.09876543209876543,0.0,0.0,0.0,0.0,0.0486322188449848,0.0,0.0,0.14634146341463414,0.13114754098360656,0.0273972602739726,0.030303030303030304,0.1276595744680851,0.07407407407407407,0.0,0.0,0.0,0.06666666666666667,0.0,0.0,0.0,0.10526315789473684,0.0,0.0,0.0,0.0,0.0,0.0,0.0,0.0,0.0,0.0,0.0,0.0,0.0,0.0,0.0,0.0,0.0,0.0,0.0,0.0,0.0,0.0,0.0,0.0,0.0,0.0,0,0.0,0.0,0.0,0.0,0.0,0.0,0.0,0.0,0.0,0.0,0.0,0.0,0.0,0.0,0.0,0.0,0.0,0.0,0.0,0.0,0.0,0.0,0.0,0.0,0,0.0,0.0,0,0.0,0.0,0.12121212121212122,0.0,0.0,0.0,0.27586206896551724,0.0,0
Maalu Miris Pirawuma Kirata,0.017341040462427744,0.0,0.0,0.0,0.0,0.0,0.0,0.043478260869565216,0.0,0.0,0.0,0.0,0.0,0.0,0.0,0.0,0.0,0.0,0.0,0.08333333333333333,0.0,0.0,0.0,0.0,0,0.0,0.125,0.0,0.021052631578947368,0.0,0,0.09523809523809523,0.0,0.0,1.0,0,0.0,0.0,0.0,0.0,0.0,0.0,0.0,0.0,0.0,0.0,0.0,0.0,0.0,0.0,0.0,0.0,0.0,0.0,0.0,0.0,0.0,0.0,0.0,0.0,0.0,0.0,0.0,0.0,0.0,0.0,0.0,0.0,0.0,0.0,0.0,0.0,0.0,0.0,0.0,0.0,0.0,0.0,0.0,0.0,0.0,0.0,0.0,0.0,0,0.0,0.0,0.0,0.0,0.0,0.0,0.0,0.0,0.0,0.0,0.0,0.0,0.0,0.0,0.0,0.0,0.0,0.0,0.0,0.0,0.0,0.0,0.0,0.0,0,0.0,0.0,0,0.0,0.0,0.0,0.0,0.0,0.0,0.0,0.0,0
Fried RiceMeaty Mighty - 2 Persons,0.0,0.0,0.0,0.0,0.0,0.0,0.0,0.0,0.0,0.0,0.0,0.0,0.0,0.0,0.0,0.0,0.0,0.0,0.0,0.0,0.0,0.0,0.0,0.0,0,0.0,0.0,0.0,0.0,0.0,0,0.0,0.0,0.0,0.0,0,0.0,0.0,0.0,0.0,0.0,0.0,0.0,0.0,0.0,0.0,0.0,0.0,0.0,0.0,0.0,0.0,0.0,0.0,0.0,0.0,0.0,0.0,0.0,0.0,0.0,0.0,0.0,0.0,0.0,0.0,0.0,0.0,0.0,0.0,0.0,0.0,0.0,0.0,0.0,0.0,0.0,0.0,0.0,0.0,0.0,0.0,0.0,0.0,0,0.0,0.0,0.0,0.0,0.0,0.0,0.0,0.0,0.0,0.0,0.0,0.0,0.0,0.0,0.0,0.0,0.0,0.0,0.0,0.0,0.0,0.0,0.0,0.0,0,0.0,0.0,0,0.0,0.0,0.0,0.0,0.0,0.0,0.0,0.0,0
Red rice,0.0,0.0,0.06451612903225806,0.0,0.0,0.0,0.0,0.08053691275167785,0.11398963730569948,0.0,0.07547169811320754,0.0891089108910891,0.0,0.0547945205479452,0.10576923076923077,0.0,0.0784313725490196,0.0,0.07194244604316546,0.0380952380952381,0.0759493670886076,0.0,0.0,0.0,0,0.0,0.0,0.0,0.06578947368421052,0.0,0,0.04040404040404041,0.0,0.09876543209876543,0.0,0,1.0,0.0759493670886076,0.1836734693877551,0.030303030303030304,0.1095890410958904,0.0,0.11538461538461539,0.12727272727272726,0.15,0.12,0.14285714285714285,0.05714285714285714,0.046511627906976744,0.030303030303030304,0.07894736842105263,0.04597701149425287,0.029411764705882353,0.04040404040404041,0.11904761904761904,0.025974025974025976,0.08,0.1558441558441558,0.058823529411764705,0.0,0.0,0.030303030303030304,0.030303030303030304,0.029411764705882353,0.02857142857142857,0.13333333333333333,0.028169014084507043,0.0,0.058823529411764705,0.057971014492753624,0.07058823529411765,0.0,0.08695652173913043,0.06060606060606061,0.029850746268656716,0.0,0.0,0.0,0.05263157894736842,0.0821917808219178,0.06060606060606061,0.0,0.0,0.0,0,0.06060606060606061,0.0,0.03225806451612903,0.03125,0.029850746268656716,0.030303030303030304,0.0,0.0,0.031746031746031744,0.08695652173913043,0.0,0.0,0.0,0.031746031746031744,0.06153846153846154,0.03125,0.03225806451612903,0.03125,0.029411764705882353,0.0,0.03225806451612903,0.03125,0.0,0.031746031746031744,0,0.030303030303030304,0.0,0,0.0,0.0,0.0,0.0,0.0,0.0,0.0,0.0,0
Kadala curry,0.0,0.0,0.0,0.0,0.0,0.0,0.0,0.07407407407407407,0.10526315789473684,0.0,0.0,0.024844720496894408,0.0,0.0,0.04790419161676647,0.0,0.06792452830188679,0.0,0.04081632653061224,0.0,0.05263157894736842,0.0,0.0,0.0,0,0.0,0.0,0.0,0.0,0.0,0,0.0,0.0,0.0,0.0,0,0.0759493670886076,1.0,0.14035087719298245,0.08,0.0,0.09785932721712538,0.06349206349206349,0.08695652173913043,0.0,0.03389830508474576,0.0,0.0,0.0,0.0,0.0,0.0,0.0,0.0,0.046511627906976744,0.0,0.0,0.0,0.0,0.0,0.0,0.0,0.0,0.0,0.0,0.0,0.0,0.0,0.0,0.0,0.0,0.0,0.0,0.0,0.0,0.0,0.0,0.0,0.0,0.0,0.08,0.08333333333333333,0.08333333333333333,0.16216216216216217,0,0.0,0.0,0.0,0.0,0.07692307692307693,0.24,0.16,0.0,0.0,0.0,0.0,0.0,0.0,0.0,0.0,0.0,0.0,0.0,0.0,0.0,0.0,0.0,0.0,0.09090909090909091,0,0.0,0.0,0,0.0,0.0,0.0,0.0,0.0,0.0,0.0,0.0,0
Gowa malluma,0.0,0.0,0.0,0.0,0.0,0.0,0.0,0.047244094488188976,0.023391812865497075,0.0,0.0,0.03333333333333333,0.0,0.0784313725490196,0.06451612903225806,0.0,0.05633802816901408,0.0,0.08547008547008547,0.24096385542168675,0.0,0.0,0.0,0.0,0,0.0,0.0,0.0,0.0,0.0,0,0.0,0.0,0.0,0.0,0,0.1836734693877551,0.14035087719298245,1.0,0.09090909090909091,0.11764705882352941,0.16763005780346818,0.024390243902439025,0.18181818181818182,0.0,0.0,0.08888888888888889,0.0,0.0,0.0,0.07407407407407407,0.03076923076923077,0.30434782608695654,0.05194805194805195,0.0967741935483871,0.07272727272727272,0.0,0.0,0.0,0.0,0.0,0.0,0.0,0.0,0.0,0.14457831325301204,0.0,0.0425531914893617,0.0,0.0,0.06349206349206349,0.0,0.1276595744680851,0.0,0.0,0.0,0.0,0.0,0.0,0.0784313725490196,0.0,0.0,0.0,0.0,0,0.0,0.0,0.0,0.0,0.0,0.0,0.0,0.0,0.0,0.0,0.0,0.0,0.0,0.0,0.0,0.0,0.0,0.09523809523809523,0.08695652173913043,0.0,0.0,0.0,0.04878048780487805,0.0,0,0.0,0.0,0,0.0,0.0,0.0,0.0,0.0,0.0,0.0,0.0,0
Pathola Curry,0.0057306590257879654,0.0,0.0,0.0,0.0,0.0,0.0,0.0,0.0,0.0,0.0,0.0,0.0,0.0,0.025974025974025976,0.0,0.007936507936507936,0.0,0.0,0.0,0.0,0.0,0.0,0.0,0,0.0,0.0,0.0,0.0,0.0,0,0.0,0.0,0.0,0.0,0,0.030303030303030304,0.08,0.09090909090909091,1.0,0.10526315789473684,0.025477707006369428,0.08,0.07142857142857142,0.0,0.0,0.0,0.0,0.0,0.0,0.0,0.0,0.0,0.0,0.0,0.0,0.0,0.08695652173913043,0.0,0.0,0.0,0.0,0.0,0.0,0.0,0.0392156862745098,0.0,0.0,0.0,0.0,0.0,0.0,0.0,0.0,0.0,0.0,0.0,0.0,0.0,0.0,0.0,0.0,0.0,0.16666666666666666,0,0.0,0.0,0.0,0.0,0.0,0.0,0.0,0.0,0.0,0.13333333333333333,0.0,0.0,0.0,0.0,0.0,0.0,0.0,0.0,0.0,0.0,0.0,0.0,0.0,0.0,0,0.0,0.0,0,0.0,0.0,0.0,0.0,0.0,0.0,0.0,0.0,0
Muhudu Kukula Karawala Baduma,0.0,0.0,0.0,0.0,0.0,0.0,0.0,0.0392156862745098,0.0136986301369863,0.0,0.0,0.012903225806451613,0.0,0.07692307692307693,0.024844720496894408,0.0,0.04633204633204633,0.0,0.021739130434782608,0.0,0.0,0.0,0.0,0.0,0,0.0,0.0,0.0,0.0,0.0,0,0.11538461538461539,0.0,0.0,0.0,0,0.1095890410958904,0.0,0.11764705882352941,0.10526315789473684,1.0,0.056074766355140186,0.07017543859649122,0.031746031746031744,0.0,0.0,0.03076923076923077,0.0,0.0,0.0,0.13793103448275862,0.05,0.09523809523809523,0.07692307692307693,0.10810810810810811,0.0,0.0,0.0,0.0,0.0,0.0,0.0,0.0,0.0,0.0,0.0,0.0,0.0,0.0,0.0,0.0,0.0,0.0,0.0,0.0,0.0,0.0,0.0,0.0,0.0,0.0,0.0,0.0,0.0,0,0.0,0.0,0.0,0.0,0.0,0.0,0.0,0.0,0.0,0.0,0.0,0.0,0.0,0.0,0.0,0.0,0.0,0.0,0.0,0.0,0.0,0.0,0.0,0.0,0,0.0,0.0,0,0.0,0.0,0.0,0.0,0.0,0.0,0.0,0.0,0
White rice,0.0,0.0,0.09462365591397849,0.0,0.0,0.0,0.0,0.12090680100755667,0.23582766439909297,0.0,0.11864406779661017,0.29333333333333345,0.0,0.056074766355140186,0.2324561403508772,0.0,0.48375451263537966,0.0,0.1912144702842376,0.0736543909348442,0.07339449541284403,0.0,0.0,0.0,0,0.0,0.018691588785046728,0.0,0.14,0.0,0,0.04034582132564842,0.0,0.0486322188449848,0.0,0,0.0,0.09785932721712538,0.16763005780346818,0.025477707006369428,0.056074766355140186,1.000000000000001,0.09659090909090909,0.22905027932960895,0.08536585365853659,0.13793103448275862,0.18888888888888872,0.1529745042492918,0.14371257485029942,0.006369426751592357,0.08024691358024691,0.07164179104477612,0.04430379746835443,0.0345821325648415,0.1144578313253012,0.04307692307692308,0.07430340557275542,0.06769230769230769,0.0379746835443038,0.03821656050955414,0.08099688473520249,0.03184713375796178,0.03184713375796178,0.04430379746835443,0.05660377358490566,0.21529745042492923,0.06269592476489028,0.03785488958990536,0.0379746835443038,0.012618296529968454,0.12612612612612611,0.012903225806451613,0.03785488958990536,0.025477707006369428,0.0,0.0,0.0,0.05309734513274336,0.08641975308641975,0.06230529595015576,0.025477707006369428,0.03194888178913738,0.025559105431309903,0.09815950920245399,0,0.025477707006369428,0.01929260450160772,0.0064516129032258064,0.019230769230769232,0.0380952380952381,0.03184713375796178,0.03821656050955414,0.01929260450160772,0.012861736334405145,0.03785488958990536,0.012539184952978056,0.006472491909385114,0.01929260450160772,0.012861736334405145,0.019169329073482427,0.019230769230769232,0.0064516129032258064,0.019230769230769232,0.04430379746835443,0.0,0.0,0.01282051282051282,0.006430868167202572,0.012861736334405145,0,0.01910828025477707,0.0064516129032258064,0,0.0,0.0,0.0,0.0,0.0,0.0,0.0,0.0,0
Sausage Mixed Vege Salad,0.10335917312661497,0.03571428571428571,0.05970149253731343,0.0,0.0,0.0,0.0,0.0,0.11299435028248588,0.0,0.022222222222222223,0.0,0.0,0.0,0.09375,0.0,0.08275862068965517,0.0,0.032520325203252036,0.02247191011235955,0.0,0.0,0.0,0.0273972602739726,0,0.0,0.03508771929824561,0.0,0.0,0.0,0,0.26506024096385544,0.0,0.0,0.0,0,0.11538461538461539,0.06349206349206349,0.024390243902439025,0.08,0.07017543859649122,0.09659090909090909,1.0,0.0425531914893617,0.0,0.047619047619047616,0.020833333333333332,0.0449438202247191,0.0,0.0,0.1,0.0,0.0,0.07228915662650602,0.0,0.0,0.0,0.06557377049180328,0.0,0.0,0.0,0.0,0.04,0.038461538461538464,0.037037037037037035,0.11235955056179775,0.03636363636363636,0.0,0.0,0.03773584905660377,0.028985507246376812,0.0,0.0,0.0,0.0,0.11594202898550725,0.0,0.05333333333333334,0.0,0.03508771929824561,0.0,0.0,0.0,0.03225806451612903,0,0.12,0.0,0.0,0.0,0.0392156862745098,0.0,0.04,0.0,0.0425531914893617,0.11320754716981132,0.0,0.0,0.0,0.0,0.0,0.0,0.0,0.0,0.0,0.0,0.0,0.0,0.0,0.0,0,0.0,0.0,0,0.0,0.0,0.0,0.0,0.0,0.0,0.0,0.0,0
Chicken Curry Regular Piece,0.010178117048346057,0.0,0.00966183574879227,0.0,0.0,0.0,0.0,0.07194244604316546,0.07650273224043716,0.0,0.0625,0.17708333333333334,0.0,0.0,0.08080808080808081,0.0,0.16891891891891891,0.0,0.32558139534883723,0.0,0.0,0.0,0.0,0.0,0,0.0,0.0,0.0,0.0,0.0,0,0.0,0.0,0.0,0.0,0,0.12727272727272726,0.08695652173913043,0.18181818181818182,0.07142857142857142,0.031746031746031744,0.22905027932960895,0.0425531914893617,1.0000000000000002,0.0,0.044444444444444446,0.0,0.0,0.10526315789473684,0.0,0.0,0.0,0.0,0.0,0.13513513513513514,0.0,0.0,0.029850746268656716,0.0,0.0,0.0,0.0,0.0,0.0,0.0,0.042105263157894736,0.0,0.0,0.0,0.0,0.16,0.0,0.0,0.0,0.0,0.0,0.0,0.0,0.06060606060606061,0.0,0.07142857142857142,0.03636363636363636,0.0,0.20588235294117646,0,0.0,0.0,0.0,0.0,0.03508771929824561,0.0,0.0,0.0,0.0,0.0,0.0,0.0,0.0,0.0,0.0,0.0,0.0,0.0,0.0,0.0,0.0,0.0,0.0,0.0,0,0.0,0.0,0,0.0,0.0,0.0,0.0,0.0,0.0,0.0,0.0,0
Kiri Kos Curry,0.0,0.0,0.022598870056497175,0.0,0.0,0.0,0.0,0.0,0.0,0.0,0.24242424242424243,0.024691358024691357,0.0,0.0,0.03571428571428571,0.0,0.015037593984962405,0.0,0.08080808080808081,0.0,0.0,0.0,0.0,0.0,0,0.0,0.0,0.0,0.05357142857142857,0.0,0,0.0,0.0,0.14634146341463414,0.0,0,0.15,0.0,0.0,0.0,0.0,0.08536585365853659,0.0,0.0,1.0,0.1,0.0,0.0,0.43478260869565216,0.0,0.0,0.0,0.0,0.0,0.0,0.0,0.0,0.0,0.0,0.0,0.0,0.0,0.0,0.0,0.0,0.0,0.0,0.0,0.0,0.06896551724137931,0.044444444444444446,0.0,0.0,0.0,0.0,0.0,0.0,0.0,0.1111111111111111,0.0,0.0,0.0,0.0,0.0,0,0.0,0.0,0.0,0.0,0.0,0.0,0.07692307692307693,0.0,0.0,0.13793103448275862,0.0,0.0,0.0,0.17391304347826086,0.08,0.0,0.0,0.0,0.0,0.0,0.09090909090909091,0.0,0.0,0.0,0,0.0,0.0,0,0.0,0.0,0.0,0.0,0.0,0.0,0.0,0.0,0
Gowa mal curry kirata,0.05221932114882506,0.0,0.08121827411167512,0.0,0.0,0.0,0.0,0.046511627906976744,0.057803468208092484,0.0,0.0,0.0989010989010989,0.0,0.0,0.09574468085106383,0.0,0.03496503496503497,0.0,0.0,0.0,0.0,0.0,0.0,0.0,0,0.042105263157894736,0.0,0.0,0.25757575757575757,0.0,0,0.0,0.0,0.13114754098360656,0.0,0,0.12,0.03389830508474576,0.0,0.0,0.0,0.13793103448275862,0.047619047619047616,0.044444444444444446,0.1,1.0,0.10869565217391304,0.09411764705882353,0.030303030303030304,0.043478260869565216,0.0,0.029850746268656716,0.0,0.0,0.03125,0.07017543859649122,0.0,0.0,0.0,0.0,0.0,0.0,0.0,0.0,0.0,0.0,0.0,0.0,0.0,0.0,0.27692307692307694,0.047619047619047616,0.08163265306122448,0.13043478260869565,0.0425531914893617,0.0,0.0,0.0,0.0,0.0,0.043478260869565216,0.13333333333333333,0.044444444444444446,0.06896551724137931,0,0.0,0.0,0.0,0.0,0.0,0.0,0.0,0.0,0.0,0.0,0.0,0.0,0.0,0.0,0.0,0.0,0.0,0.0,0.0,0.0,0.0,0.0,0.0,0.0,0,0.0,0.0,0,0.0,0.0,0.0,0.0,0.0,0.0,0.0,0.0,0
Chicken Curry Favor Piece,0.04556962025316456,0.05,0.05741626794258373,0.0,0.0,0.0,0.0,0.028368794326241134,0.021621621621621623,0.0,0.061224489795918366,0.17525773195876282,0.0,0.06153846153846154,0.07,0.0,0.040268456375838924,0.0,0.0,0.0,0.0,0.0,0.0,0.024691358024691357,0,0.0,0.0,0.0,0.05555555555555555,0.0,0,0.21978021978021978,0.0,0.0273972602739726,0.0,0,0.14285714285714285,0.0,0.08888888888888889,0.0,0.03076923076923077,0.18888888888888872,0.020833333333333332,0.0,0.0,0.10869565217391304,0.9999999999999998,0.061855670103092786,0.0,0.0,0.029411764705882353,0.05063291139240506,0.03333333333333333,0.02197802197802198,0.13157894736842105,0.0,0.208955223880597,0.17391304347826086,0.1,0.0,0.0,0.034482758620689655,0.0,0.0,0.03225806451612903,0.1855670103092783,0.0,0.0,0.13333333333333333,0.0,0.025974025974025976,0.037037037037037035,0.09836065573770492,0.06896551724137931,0.0,0.0,0.0,0.0,0.0,0.03076923076923077,0.0,0.0,0.0,0.0,0,0.0,0.0,0.0,0.03571428571428571,0.0,0.0,0.0,0.03636363636363636,0.0,0.0,0.0,0.0,0.0,0.0,0.0,0.0,0.0,0.03571428571428571,0.1,0.0,0.0,0.0,0.0,0.0,0,0.0,0.0,0,0.0,0.0,0.0,0.0,0.0,0.0,0.0,0.0,0
Mushroom curry Mirisata,0.07216494845360824,0.035398230088495575,0.15841584158415842,0.0,0.0,0.0,0.0,0.0,0.056179775280898875,0.0,0.0,0.13903743315508024,0.0,0.0,0.05181347150259067,0.0,0.07560137457044673,0.0,0.0,0.022222222222222223,0.0,0.0,0.0,0.02702702702702703,0,0.0,0.034482758620689655,0.0,0.16058394160583941,0.0,0,0.0,0.0,0.030303030303030304,0.0,0,0.05714285714285714,0.0,0.0,0.0,0.0,0.1529745042492918,0.0449438202247191,0.0,0.0,0.09411764705882353,0.061855670103092786,0.9999999999999993,0.16901408450704225,0.0,0.0,0.05555555555555555,0.0,0.0,0.0,0.0,0.0,0.0,0.0,0.0392156862745098,0.13793103448275862,0.0784313725490196,0.0784313725490196,0.07547169811320754,0.0,0.044444444444444446,0.0,0.0,0.0,0.0,0.0,0.0,0.0,0.0,0.0,0.0,0.0,0.21052631578947367,0.0,0.0,0.0,0.0,0.0,0.0,0,0.0,0.0,0.0,0.0,0.0,0.0,0.0,0.0,0.0,0.0,0.17857142857142858,0.0,0.0,0.0,0.0,0.0,0.0,0.08163265306122448,0.07547169811320754,0.0,0.0,0.0,0.0,0.0,0,0.0,0.0,0,0.0,0.0,0.0,0.0967741935483871,0.0,0.0,0.0,0.0,0
Gotukola Sambal,0.0,0.0,0.01092896174863388,0.0,0.0,0.0,0.0,0.0,0.06289308176100629,0.0,0.25,0.023809523809523808,0.0,0.0,0.011494252873563218,0.0,0.058823529411764705,0.0,0.0,0.0,0.0,0.0,0.0,0.0,0,0.0,0.0,0.0,0.1016949152542373,0.0,0,0.0,0.0,0.1276595744680851,0.0,0,0.046511627906976744,0.0,0.0,0.0,0.0,0.14371257485029942,0.0,0.10526315789473684,0.43478260869565216,0.030303030303030304,0.0,0.16901408450704225,1.0,0.0,0.0,0.0,0.0,0.0,0.0,0.0,0.0,0.0,0.0,0.0,0.0,0.0,0.0,0.0,0.0,0.0,0.0,0.0,0.0,0.05714285714285714,0.0,0.0,0.0,0.0,0.0,0.0,0.0,0.0,0.0,0.0,0.0,0.0,0.0,0.0,0,0.0,0.0,0.0,0.0,0.0,0.0,0.0,0.0,0.0,0.0,0.0,0.0,0.0,0.0,0.0,0.0,0.0,0.0,0.0,0.0,0.0,0.0,0.0,0.0,0,0.0,0.0,0,0.0,0.0,0.0,0.0,0.0,0.0,0.0,0.0,0
Gizzard Curry Regular,0.017191977077363897,0.02702702702702703,0.012269938650306749,0.0,0.0,0.0,0.0,0.0,0.0,0.0,0.0,0.02702702702702703,0.0,0.0,0.012987012987012988,0.0,0.015873015873015872,0.0,0.023529411764705882,0.0,0.0,0.0,0.0,0.05714285714285714,0,0.03278688524590164,0.0,0.0,0.0,0.0,0,0.0,0.0,0.07407407407407407,0.0,0,0.030303030303030304,0.0,0.0,0.0,0.0,0.006369426751592357,0.0,0.0,0.0,0.043478260869565216,0.0,0.0,0.0,1.0,0.0,0.0,0.0,0.0,0.0,0.0,0.0,0.0,0.0,0.0,0.0,0.0,0.0,0.0,0.0,0.0,0.0,0.0,0.0,0.0,0.0,0.0,0.0,0.0,0.0,0.0,0.0,0.0,0.0,0.0,0.16666666666666666,0.0,0.0,0.0,0,0.0,0.0,0.0,0.0,0.0,0.0,0.0,0.0,0.0,0.0,0.0,0.0,0.0,0.0,0.0,0.0,0.0,0.0,0.0,0.0,0.0,0.0,0.0,0.0,0,0.0,0.0,0,0.0,0.0,0.0,0.0,0.0,0.0,0.14285714285714285,0.0,0
Mushroom Thelata,0.0,0.0,0.0,0.0,0.0,0.0,0.0,0.0,0.0,0.0,0.0,0.0379746835443038,0.0,0.0,0.024390243902439025,0.0,0.0,0.0,0.0,0.09836065573770492,0.17142857142857143,0.0,0.0,0.0,0,0.0,0.0,0.0,0.0,0.0,0,0.21818181818181817,0.0,0.0,0.0,0,0.07894736842105263,0.0,0.07407407407407407,0.0,0.13793103448275862,0.08024691358024691,0.1,0.0,0.0,0.0,0.029411764705882353,0.0,0.0,0.0,1.0,0.13953488372093023,0.0,0.18181818181818182,0.25,0.06060606060606061,0.25806451612903225,0.0,0.16666666666666666,0.0,0.0,0.0,0.0,0.0,0.0,0.0,0.0,0.0,0.0,0.0,0.0,0.0,0.0,0.0,0.0,0.0,0.0,0.0,0.0,0.0,0.0,0.0,0.0,0.0,0,0.0,0.0,0.0,0.0,0.0,0.0,0.0,0.0,0.0,0.0,0.0,0.0,0.0,0.0,0.0,0.0,0.0,0.0,0.0,0.0,0.0,0.0,0.0,0.0,0,0.0,0.0,0,0.0,0.0,0.0,0.0,0.0,0.0,0.0,0.0,0
Mixture,0.07027027027027027,0.021052631578947368,0.11956521739130435,0.0,0.0,0.0,0.0,0.0,0.05,0.0,0.0,0.023668639053254437,0.0,0.0,0.05714285714285714,0.0,0.0,0.0,0.0,0.1111111111111111,0.08695652173913043,0.0,0.0,0.0,0,0.0,0.1,0.0,0.06722689075630252,0.0,0,0.030303030303030304,0.0,0.0,0.0,0,0.04597701149425287,0.0,0.03076923076923077,0.0,0.05,0.07164179104477612,0.0,0.0,0.0,0.029850746268656716,0.05063291139240506,0.05555555555555555,0.0,0.0,0.13953488372093023,1.0,0.0,0.0,0.0784313725490196,0.045454545454545456,0.09523809523809523,0.045454545454545456,0.05714285714285714,0.0,0.0,0.0,0.0,0.0,0.0,0.08333333333333333,0.0,0.0,0.0,0.0,0.038461538461538464,0.06896551724137931,0.1111111111111111,0.06060606060606061,0.0,0.07692307692307693,0.0,0.034482758620689655,0.0,0.05,0.0,0.0,0.0,0.0,0,0.0,0.0,0.0,0.0,0.0,0.0,0.0,0.06666666666666667,0.0,0.0,0.05263157894736842,0.0,0.0,0.0,0.0,0.0,0.0,0.0,0.0,0.0,0.0,0.0,0.0,0.0,0,0.0,0.0,0,0.0,0.0,0.0,0.13636363636363635,0.0,0.0,0.0,0.0,0
Cucumber curry,0.0,0.0,0.0,0.0,0.0,0.0,0.0,0.0,0.014184397163120567,0.0,0.0,0.0,0.0,0.0,0.01282051282051282,0.0,0.0,0.0,0.0,0.18867924528301888,0.0,0.0,0.0,0.0,0,0.0,0.0,0.0,0.0,0.0,0,0.0425531914893617,0.0,0.0,0.0,0,0.029411764705882353,0.0,0.30434782608695654,0.0,0.09523809523809523,0.04430379746835443,0.0,0.0,0.0,0.0,0.03333333333333333,0.0,0.0,0.0,0.0,0.0,1.0,0.0425531914893617,0.0,0.0,0.0,0.0,0.0,0.0,0.0,0.0,0.0,0.0,0.0,0.0,0.0,0.0,0.0,0.0,0.0,0.0,0.0,0.0,0.0,0.0,0.0,0.0,0.0,0.0,0.0,0.0,0.0,0.0,0,0.0,0.0,0.0,0.0,0.0,0.0,0.0,0.0,0.0,0.0,0.0,0.0,0.0,0.0,0.0,0.0,0.0,0.0,0.0,0.0,0.0,0.0,0.0,0.0,0,0.0,0.0,0,0.0,0.0,0.0,0.0,0.0,0.0,0.0,0.0,0
Bonchi curry kirata,0.15183246073298431,0.018691588785046728,0.07142857142857142,0.0,0.0,0.0,0.0,0.078125,0.023255813953488372,0.0,0.1411764705882353,0.022099447513812154,0.0,0.0,0.07486631016042782,0.0,0.12631578947368421,0.0,0.0,0.09523809523809523,0.0,0.0,0.0,0.058823529411764705,0,0.0,0.0,0.0,0.0,0.0,0,0.1282051282051282,0.06060606060606061,0.06666666666666667,0.0,0,0.04040404040404041,0.0,0.05194805194805195,0.0,0.07692307692307693,0.0345821325648415,0.07228915662650602,0.0,0.0,0.0,0.02197802197802198,0.0,0.0,0.0,0.18181818181818182,0.0,0.0425531914893617,1.0,0.0,0.17857142857142858,0.0,0.0,0.0,0.0,0.0,0.0,0.0,0.0,0.0,0.0,0.0,0.0,0.0,0.0,0.0,0.0,0.0,0.0,0.0,0.03125,0.047619047619047616,0.05714285714285714,0.0,0.0,0.0,0.0,0.0,0.0,0,0.0,0.0,0.0,0.0,0.0,0.0,0.0,0.0,0.0,0.0,0.0,0.0,0.0,0.0,0.0,0.0,0.0,0.0,0.0,0.0,0.0,0.0,0.0,0.0,0,0.0,0.0,0,0.0,0.0,0.0784313725490196,0.2857142857142857,0.0,0.0,0.21276595744680848,0.0,0
Annasi Curry,0.0,0.0,0.0,0.0,0.0,0.0,0.0,0.10619469026548672,0.012738853503184714,0.0,0.11428571428571428,0.04819277108433735,0.0,0.0,0.046511627906976744,0.0,0.044444444444444446,0.0,0.07766990291262135,0.0,0.09302325581395349,0.0,0.0,0.0,0,0.0,0.0,0.0,0.0,0.0,0,0.0,0.0,0.0,0.0,0,0.11904761904761904,0.046511627906976744,0.0967741935483871,0.0,0.10810810810810811,0.1144578313253012,0.0,0.13513513513513514,0.0,0.03125,0.13157894736842105,0.0,0.0,0.0,0.25,0.0784313725490196,0.0,0.0,1.0,0.14634146341463414,0.15384615384615385,0.0,0.125,0.0,0.0,0.0,0.0,0.0,0.0,0.08695652173913043,0.0,0.06060606060606061,0.0,0.0,0.04081632653061224,0.0,0.0,0.0,0.0,0.0,0.0,0.0,0.0,0.0,0.0,0.0,0.0,0.0,0,0.0,0.0,0.0,0.0,0.0,0.0,0.0,0.0,0.0,0.06060606060606061,0.0,0.0,0.0,0.0,0.0,0.0,0.0,0.0,0.0,0.0,0.0,0.0,0.0,0.0,0,0.0,0.0,0,0.0,0.0,0.0,0.0,0.0,0.0,0.0,0.0,0
Fish Bistek,0.05,0.0,0.011494252873563218,0.0,0.0,0.0,0.0,0.0,0.0,0.0,0.0,0.025157232704402517,0.0,0.0,0.0,0.0,0.10646387832699619,0.0,0.020833333333333332,0.0,0.0,0.0,0.0,0.0,0,0.0,0.0,0.0,0.0,0.0,0,0.0,0.09090909090909091,0.0,0.0,0,0.025974025974025976,0.0,0.07272727272727272,0.0,0.0,0.04307692307692308,0.0,0.0,0.0,0.07017543859649122,0.0,0.0,0.0,0.0,0.06060606060606061,0.045454545454545456,0.0,0.17857142857142858,0.14634146341463414,1.0,0.0,0.0,0.0,0.0,0.0,0.0,0.0,0.0,0.0,0.0,0.0,0.0,0.0,0.0,0.047619047619047616,0.0,0.0,0.0,0.0,0.047619047619047616,0.0,0.041666666666666664,0.0,0.0,0.0,0.0,0.0,0.0,0,0.0,0.0,0.0,0.0,0.0,0.0,0.0,0.0,0.0,0.0,0.0,0.0,0.2,0.0,0.0,0.0,0.0,0.0,0.0,0.0,0.0,0.0,0.0,0.0,0,0.0,0.0,0,0.0,0.0,0.13793103448275862,0.0,0.0,0.0,0.24,0.0,0
Kadala Parippu Curry,0.0,0.0,0.0,0.0,0.0,0.0,0.0,0.0,0.02702702702702703,0.0,0.0,0.025477707006369428,0.0,0.0,0.03680981595092025,0.0,0.0,0.0,0.0,0.0,0.23529411764705882,0.0,0.0,0.0,0,0.0,0.0,0.0,0.0,0.0,0,0.0,0.0,0.0,0.0,0,0.08,0.0,0.0,0.0,0.0,0.07430340557275542,0.0,0.0,0.0,0.0,0.208955223880597,0.0,0.0,0.0,0.25806451612903225,0.09523809523809523,0.0,0.0,0.15384615384615385,0.0,1.0,0.4375,0.2608695652173913,0.0,0.0,0.0,0.0,0.0,0.0,0.0,0.0,0.0,0.0,0.0,0.0,0.0,0.0,0.0,0.0,0.0,0.0,0.0,0.0,0.0,0.0,0.0,0.0,0.0,0,0.0,0.0,0.0,0.0,0.0,0.0,0.0,0.0,0.0,0.0,0.0,0.0,0.0,0.0,0.0,0.0,0.0,0.0,0.0,0.0,0.0,0.0,0.0,0.0,0,0.0,0.0,0,0.0,0.0,0.0,0.0,0.0,0.0,0.0,0.0,0
Bonchi Malluma,0.0,0.0,0.0,0.0,0.0,0.0,0.0,0.0,0.05333333333333334,0.0,0.0,0.025157232704402517,0.0,0.06666666666666667,0.012121212121212121,0.0,0.03802281368821293,0.0,0.0,0.0,0.05555555555555555,0.0,0.0,0.0,0,0.0,0.0,0.0,0.0,0.0,0,0.0,0.0,0.10526315789473684,0.0,0,0.1558441558441558,0.0,0.0,0.08695652173913043,0.0,0.06769230769230769,0.06557377049180328,0.029850746268656716,0.0,0.0,0.17391304347826086,0.0,0.0,0.0,0.0,0.045454545454545456,0.0,0.0,0.0,0.0,0.4375,1.0,0.0,0.0,0.0,0.0,0.0,0.0,0.0,0.06451612903225806,0.0,0.0,0.0,0.0,0.0,0.0,0.0,0.0,0.0,0.0,0.0,0.0,0.0,0.0,0.08695652173913043,0.0,0.0,0.11428571428571428,0,0.0,0.0,0.0,0.0,0.0,0.0,0.0,0.0,0.0,0.15384615384615385,0.0,0.0,0.0,0.0,0.0,0.0,0.0,0.0,0.0,0.0,0.0,0.0,0.0,0.1,0,0.0,0.0,0,0.0,0.0,0.0,0.0,0.0,0.0,0.0,0.0,0
Bandakka curry,0.0,0.0,0.0,0.0,0.0,0.0,0.0,0.0,0.0425531914893617,0.0,0.0,0.02666666666666667,0.0,0.0,0.01282051282051282,0.0,0.007874015748031496,0.0,0.0,0.0,0.07407407407407407,0.0,0.0,0.0,0,0.0,0.0,0.0,0.0,0.0,0,0.0,0.0,0.0,0.0,0,0.058823529411764705,0.0,0.0,0.0,0.0,0.0379746835443038,0.0,0.0,0.0,0.0,0.1,0.0,0.0,0.0,0.16666666666666666,0.05714285714285714,0.0,0.0,0.125,0.0,0.2608695652173913,0.0,1.0,0.0,0.0,0.0,0.0,0.0,0.2222222222222222,0.0,0.10526315789473684,0.0,0.125,0.0,0.0,0.0,0.0,0.0,0.0,0.0,0.0,0.0,0.0,0.0,0.0,0.0,0.0,0.0,0,0.0,0.0,0.0,0.0,0.0,0.0,0.0,0.0,0.0,0.0,0.0,0.0,0.0,0.0,0.0,0.0,0.0,0.0,0.0,0.0,0.0,0.0,0.0,0.0,0,0.0,0.0,0,0.0,0.0,0.0,0.0,0.0,0.0,0.0,0.0,0
Thumba Karawila curry,0.0,0.0,0.0,0.0,0.0,0.0,0.0,0.0,0.014388489208633094,0.0,0.0,0.013513513513513514,0.0,0.0,0.012987012987012988,0.0,0.023809523809523808,0.0,0.0,0.0,0.0,0.0,0.0,0.0,0,0.0,0.21052631578947367,0.0,0.0,0.0,0,0.0,0.0,0.0,0.0,0,0.0,0.0,0.0,0.0,0.0,0.03821656050955414,0.0,0.0,0.0,0.0,0.0,0.0392156862745098,0.0,0.0,0.0,0.0,0.0,0.0,0.0,0.0,0.0,0.0,0.0,1.0,0.42105263157894735,0.3333333333333333,0.16666666666666666,0.14285714285714285,0.0,0.0,0.0,0.0,0.0,0.0,0.0,0.0,0.0,0.0,0.0,0.0,0.0,0.0,0.0,0.0,0.0,0.0,0.0,0.0,0,0.0,0.0,0.0,0.0,0.0,0.0,0.0,0.0,0.0,0.0,0.0,0.0,0.0,0.0,0.0,0.0,0.0,0.0,0.0,0.0,0.0,0.0,0.0,0.0,0,0.0,0.0,0,0.0,0.0,0.0,0.0,0.0,0.0,0.0,0.0,0
Kankun Thelata (Srilankan),0.0,0.0,0.0,0.0,0.0,0.0,0.0,0.0,0.0273972602739726,0.0,0.0,0.0,0.0,0.0,0.012422360248447204,0.0,0.0694980694980695,0.0,0.0,0.0,0.0,0.0,0.0,0.0,0,0.0,0.07692307692307693,0.0,0.0,0.0,0,0.0,0.0,0.0,0.0,0,0.0,0.0,0.0,0.0,0.0,0.08099688473520249,0.0,0.0,0.0,0.0,0.0,0.13793103448275862,0.0,0.0,0.0,0.0,0.0,0.0,0.0,0.0,0.0,0.0,0.0,0.42105263157894735,1.0,0.3157894736842105,0.21052631578947367,0.5714285714285714,0.0,0.0,0.0,0.0,0.0,0.0,0.0,0.0,0.0,0.0,0.0,0.0,0.0,0.0,0.0,0.0,0.0,0.0,0.0,0.0,0,0.0,0.0,0.0,0.0,0.0,0.0,0.0,0.0,0.0,0.0,0.0,0.0,0.0,0.0,0.0,0.0,0.0,0.0,0.0,0.0,0.0,0.0,0.0,0.0,0,0.0,0.0,0,0.0,0.0,0.0,0.0,0.0,0.0,0.0,0.0,0
Manioc Ala Malluma,0.0,0.0,0.0,0.0,0.0,0.0,0.0,0.0,0.02877697841726619,0.0,0.0,0.02702702702702703,0.0,0.0,0.012987012987012988,0.0,0.007936507936507936,0.0,0.023529411764705882,0.0,0.0,0.0,0.0,0.0,0,0.0,0.0,0.0,0.0,0.0,0,0.0,0.0,0.0,0.0,0,0.030303030303030304,0.0,0.0,0.0,0.0,0.03184713375796178,0.0,0.0,0.0,0.0,0.034482758620689655,0.0784313725490196,0.0,0.0,0.0,0.0,0.0,0.0,0.0,0.0,0.0,0.0,0.0,0.3333333333333333,0.3157894736842105,1.0,0.3333333333333333,0.0,0.0,0.0,0.0,0.0,0.0,0.0,0.0,0.0,0.0,0.0,0.0,0.0,0.0,0.0,0.0,0.0,0.0,0.0,0.0,0.0,0,0.0,0.0,0.0,0.0,0.0,0.0,0.0,0.0,0.0,0.0,0.0,0.0,0.0,0.0,0.18181818181818182,0.0,0.0,0.0,0.0,0.0,0.0,0.0,0.0,0.0,0,0.16666666666666666,0.0,0,0.0,0.0,0.0,0.0,0.0,0.0,0.0,0.0,0
Linna Karawala Baduma,0.0,0.0,0.0,0.0,0.0,0.0,0.0,0.0,0.014388489208633094,0.0,0.0,0.02702702702702703,0.0,0.0,0.025974025974025976,0.0,0.03968253968253968,0.0,0.0,0.0,0.0,0.0,0.0,0.0,0,0.0,0.0,0.0,0.0,0.0,0,0.0,0.0,0.0,0.0,0,0.030303030303030304,0.0,0.0,0.0,0.0,0.03184713375796178,0.04,0.0,0.0,0.0,0.0,0.0784313725490196,0.0,0.0,0.0,0.0,0.0,0.0,0.0,0.0,0.0,0.0,0.0,0.16666666666666666,0.21052631578947367,0.3333333333333333,1.0,0.0,0.0,0.0,0.0,0.0,0.0,0.0,0.0,0.0,0.0,0.0,0.0,0.0,0.0,0.0,0.0,0.0,0.0,0.0,0.0,0.0,0,0.0,0.0,0.0,0.0,0.0,0.0,0.0,0.0,0.0,0.0,0.0,0.0,0.0,0.0,0.0,0.0,0.0,0.0,0.0,0.0,0.0,0.0,0.0,0.0,0,0.0,0.0,0,0.0,0.0,0.0,0.0,0.0,0.0,0.0,0.0,0
Salmon Thelata (Premier Brand),0.0,0.0,0.0,0.0,0.0,0.0,0.0,0.0,0.0,0.0,0.0,0.0,0.0,0.0,0.0,0.0,0.05511811023622047,0.0,0.0,0.0,0.0,0.0,0.0,0.0,0,0.0,0.0,0.0,0.0,0.0,0,0.0,0.0,0.0,0.0,0,0.029411764705882353,0.0,0.0,0.0,0.0,0.04430379746835443,0.038461538461538464,0.0,0.0,0.0,0.0,0.07547169811320754,0.0,0.0,0.0,0.0,0.0,0.0,0.0,0.0,0.0,0.0,0.0,0.14285714285714285,0.5714285714285714,0.0,0.0,1.0,0.0,0.0,0.0,0.0,0.0,0.0,0.0,0.0,0.0,0.0,0.0,0.0,0.0,0.0,0.0,0.0,0.0,0.0,0.0,0.0,0,0.0,0.0,0.0,0.0,0.0,0.0,0.0,0.0,0.0,0.0,0.0,0.0,0.0,0.0,0.0,0.0,0.0,0.0,0.0,0.0,0.0,0.0,0.0,0.0,0,0.0,0.0,0,0.0,0.0,0.0,0.0,0.0,0.0,0.0,0.0,0
Annasi curry,0.0,0.0,0.0,0.0,0.0,0.0,0.0,0.04040404040404041,0.013986013986013986,0.0,0.0,0.02631578947368421,0.0,0.0,0.02531645569620253,0.0,0.0390625,0.0,0.0,0.0,0.13793103448275862,0.0,0.0,0.0,0,0.0,0.0,0.0,0.0,0.0,0,0.0,0.0,0.0,0.0,0,0.02857142857142857,0.0,0.0,0.0,0.0,0.05660377358490566,0.037037037037037035,0.0,0.0,0.0,0.03225806451612903,0.0,0.0,0.0,0.0,0.0,0.0,0.0,0.0,0.0,0.0,0.0,0.2222222222222222,0.0,0.0,0.0,0.0,0.0,1.0,0.03636363636363636,0.47619047619047616,0.21052631578947367,0.1111111111111111,0.0,0.0,0.0,0.0,0.0,0.0,0.0,0.0,0.0,0.0,0.0,0.0,0.0,0.0,0.0,0,0.0,0.0,0.0,0.0,0.0,0.0,0.0,0.0,0.0,0.0,0.0,0.0,0.0,0.0,0.0,0.0,0.0,0.0,0.0,0.0,0.0,0.0,0.0,0.0,0,0.125,0.0,0,0.0,0.0,0.0,0.0,0.0,0.0,0.0,0.0,0
Kadala Parippu curry,0.0,0.0,0.0,0.0,0.0,0.0,0.0,0.04477611940298507,0.07865168539325842,0.0,0.06593406593406594,0.10695187165775401,0.0,0.034482758620689655,0.13471502590673576,0.0,0.006872852233676976,0.0,0.016129032258064516,0.13333333333333333,0.0,0.0,0.0,0.0,0,0.0,0.0,0.0,0.0,0.0,0,0.0,0.0,0.0,0.0,0,0.13333333333333333,0.0,0.14457831325301204,0.0392156862745098,0.0,0.21529745042492923,0.11235955056179775,0.042105263157894736,0.0,0.0,0.1855670103092783,0.044444444444444446,0.0,0.0,0.0,0.08333333333333333,0.0,0.0,0.08695652173913043,0.0,0.0,0.06451612903225806,0.0,0.0,0.0,0.0,0.0,0.0,0.03636363636363636,1.0,0.03571428571428571,0.037037037037037035,0.11320754716981132,0.0,0.0,0.0,0.1111111111111111,0.0,0.0,0.0,0.0,0.02631578947368421,0.22950819672131148,0.06896551724137931,0.0,0.0,0.0,0.0,0,0.0,0.0,0.0,0.04081632653061224,0.0,0.0,0.0,0.0,0.0,0.07407407407407407,0.07142857142857142,0.043478260869565216,0.041666666666666664,0.0,0.0,0.12244897959183673,0.0425531914893617,0.04081632653061224,0.18867924528301888,0.0,0.0,0.0,0.0,0.0,0,0.0,0.0,0,0.0,0.0,0.0,0.0,0.0,0.0,0.0,0.0,0
Wambatu mojuwa,0.0,0.0,0.0,0.0,0.0,0.0,0.0,0.0,0.06944444444444445,0.0,0.0,0.026143790849673203,0.0,0.0,0.025157232704402517,0.0,0.04669260700389105,0.0,0.0,0.0,0.26666666666666666,0.0,0.0,0.0,0,0.0,0.0,0.0,0.0,0.0,0,0.0,0.0,0.0,0.0,0,0.028169014084507043,0.0,0.0,0.0,0.0,0.06269592476489028,0.03636363636363636,0.0,0.0,0.0,0.0,0.0,0.0,0.0,0.0,0.0,0.0,0.0,0.0,0.0,0.0,0.0,0.10526315789473684,0.0,0.0,0.0,0.0,0.0,0.47619047619047616,0.03571428571428571,1.0,0.4,0.10526315789473684,0.0,0.0,0.0,0.0,0.0,0.0,0.0,0.0,0.0,0.0,0.0,0.0,0.0,0.0,0.0,0,0.0,0.0,0.0,0.0,0.0,0.0,0.0,0.0,0.0,0.0,0.0,0.0,0.0,0.0,0.0,0.0,0.0,0.0,0.0,0.0,0.0,0.0,0.0,0.0,0,0.0,0.0,0,0.0,0.0,0.0,0.0,0.0,0.0,0.0,0.0,0
Mushroom Cutlet,0.017045454545454544,0.025974025974025976,0.0,0.0,0.0,0.0,0.0,0.0,0.014084507042253521,0.0,0.03636363636363636,0.013245033112582781,0.0,0.0,0.025477707006369428,0.0,0.023529411764705882,0.0,0.045454545454545456,0.0,0.07142857142857142,0.0,0.0,0.0,0,0.03125,0.0,0.0,0.0,0.0,0,0.0,0.0,0.0,0.0,0,0.0,0.0,0.0425531914893617,0.0,0.0,0.03785488958990536,0.0,0.0,0.0,0.0,0.0,0.0,0.0,0.0,0.0,0.0,0.0,0.0,0.06060606060606061,0.0,0.0,0.0,0.0,0.0,0.0,0.0,0.0,0.0,0.21052631578947367,0.037037037037037035,0.4,1.0,0.0,0.0,0.0,0.0,0.0,0.0,0.0,0.0,0.0,0.0,0.0,0.0,0.0,0.0,0.0,0.07407407407407407,0,0.0,0.0,0.0,0.0,0.0,0.0,0.0,0.0,0.0,0.0,0.0,0.0,0.0,0.0,0.0,0.0,0.0,0.0,0.0,0.0,0.0,0.0,0.5,0.0,0,0.0,0.0,0,0.0,0.0,0.0,0.0,0.0,0.0,0.0,0.0,0
Mugunuwanna Malluma,0.0,0.0,0.0,0.0,0.0,0.0,0.0,0.0,0.014184397163120567,0.0,0.0,0.02666666666666667,0.0,0.0,0.0,0.0,0.03937007874015748,0.0,0.0,0.0,0.07407407407407407,0.0,0.0,0.0,0,0.0,0.0,0.0,0.0,0.0,0,0.0,0.0,0.0,0.0,0,0.058823529411764705,0.0,0.0,0.0,0.0,0.0379746835443038,0.0,0.0,0.0,0.0,0.13333333333333333,0.0,0.0,0.0,0.0,0.0,0.0,0.0,0.0,0.0,0.0,0.0,0.125,0.0,0.0,0.0,0.0,0.0,0.1111111111111111,0.11320754716981132,0.10526315789473684,0.0,1.0,0.11764705882352941,0.0,0.0,0.0,0.0,0.0,0.0,0.0,0.0,0.0,0.0,0.0,0.0,0.0,0.0,0,0.0,0.0,0.0,0.0,0.0,0.0,0.0,0.0,0.0,0.0,0.0,0.0,0.0,0.0,0.0,0.0,0.0,0.0,0.0,0.0,0.0,0.0,0.0,0.0,0,0.0,0.0,0,0.0,0.0,0.0,0.0,0.0,0.0,0.0,0.0,0
Fried Fish (Bolla),0.022727272727272728,0.0,0.012048192771084338,0.0,0.0,0.0,0.0,0.0,0.0,0.0,0.0,0.013245033112582781,0.0,0.0,0.025477707006369428,0.0,0.00784313725490196,0.0,0.0,0.0,0.0,0.0,0.0,0.05263157894736842,0,0.0,0.0,0.32,0.0,0.0,0,0.041666666666666664,0.1111111111111111,0.0,0.0,0,0.057971014492753624,0.0,0.0,0.0,0.0,0.012618296529968454,0.03773584905660377,0.0,0.06896551724137931,0.0,0.0,0.0,0.05714285714285714,0.0,0.0,0.0,0.0,0.0,0.0,0.0,0.0,0.0,0.0,0.0,0.0,0.0,0.0,0.0,0.0,0.0,0.0,0.0,0.11764705882352941,1.0,0.0,0.0,0.0,0.0,0.0,0.0,0.0,0.0,0.08,0.18181818181818182,0.13333333333333333,0.0,0.0,0.0,0,0.0,0.0,0.0,0.0,0.0,0.0,0.0,0.0,0.0,0.0,0.0,0.0,0.0,0.0,0.0,0.0,0.0,0.0,0.0,0.0,0.0,0.0,0.0,0.0,0,0.0,0.0,0,0.0,0.0,0.0,0.0,0.0,0.0,0.0,0.0,0
Beetroot Curry,0.005434782608695652,0.0,0.054945054945054944,0.0,0.0,0.0,0.0,0.07017543859649122,0.02531645569620253,0.0,0.0,0.011976047904191617,0.0,0.0,0.046242774566473986,0.0,0.05166051660516605,0.0,0.057692307692307696,0.0,0.0,0.0,0.0,0.0,0,0.0,0.0,0.0,0.13675213675213677,0.0,0,0.0,0.0,0.0,0.0,0,0.07058823529411765,0.0,0.06349206349206349,0.0,0.0,0.12612612612612611,0.028985507246376812,0.16,0.044444444444444446,0.27692307692307694,0.025974025974025976,0.0,0.0,0.0,0.0,0.038461538461538464,0.0,0.0,0.04081632653061224,0.047619047619047616,0.0,0.0,0.0,0.0,0.0,0.0,0.0,0.0,0.0,0.0,0.0,0.0,0.0,0.0,1.0,0.14814814814814814,0.058823529411764705,0.0,0.0,0.0,0.0,0.0,0.14634146341463414,0.0,0.0,0.0,0.0,0.0,0,0.0,0.07142857142857142,0.0,0.0,0.0,0.0,0.06451612903225806,0.07142857142857142,0.0,0.11764705882352941,0.0,0.0,0.0,0.0,0.0,0.0,0.0,0.0,0.0,0.0,0.0,0.0,0.0,0.0,0,0.0,0.0,0,0.0,0.0,0.0,0.0,0.0,0.0,0.0,0.0,0
Dambala Mallum,0.0,0.0,0.012578616352201259,0.0,0.0,0.0,0.0,0.0,0.0,0.0,0.0,0.0,0.0,0.0,0.0,0.0,0.0,0.0,0.0,0.0,0.0,0.0,0.0,0.0,0,0.0,0.0,0.0,0.0,0.0,0,0.0,0.0,0.0,0.0,0,0.0,0.0,0.0,0.0,0.0,0.012903225806451613,0.0,0.0,0.0,0.047619047619047616,0.037037037037037035,0.0,0.0,0.0,0.0,0.06896551724137931,0.0,0.0,0.0,0.0,0.0,0.0,0.0,0.0,0.0,0.0,0.0,0.0,0.0,0.0,0.0,0.0,0.0,0.0,0.14814814814814814,1.0,0.18181818181818182,0.0,0.0,0.0,0.0,0.0,0.0,0.0,0.0,0.0,0.0,0.0,0,0.0,0.0,0.0,0.0,0.0,0.0,0.0,0.0,0.0,0.0,0.0,0.0,0.0,0.0,0.0,0.0,0.0,0.0,0.0,0.0,0.0,0.0,0.0,0.0,0,0.0,0.0,0,0.0,0.0,0.0,0.0,0.0,0.0,0.0,0.0,0
Karawila Salad,0.0,0.0,0.024096385542168676,0.0,0.0,0.0,0.0,0.0,0.0,0.0,0.0,0.039735099337748346,0.0,0.0,0.012738853503184714,0.0,0.0,0.0,0.0,0.0,0.0,0.0,0.0,0.0,0,0.0,0.0,0.0,0.039603960396039604,0.0,0,0.0,0.0,0.0,0.0,0,0.08695652173913043,0.0,0.1276595744680851,0.0,0.0,0.03785488958990536,0.0,0.0,0.0,0.08163265306122448,0.09836065573770492,0.0,0.0,0.0,0.0,0.1111111111111111,0.0,0.0,0.0,0.0,0.0,0.0,0.0,0.0,0.0,0.0,0.0,0.0,0.0,0.1111111111111111,0.0,0.0,0.0,0.0,0.058823529411764705,0.18181818181818182,1.0,0.13333333333333333,0.0,0.0,0.0,0.0,0.0,0.09090909090909091,0.0,0.0,0.0,0.0,0,0.0,0.0,0.0,0.0,0.0,0.0,0.0,0.0,0.0,0.0,0.0,0.0,0.0,0.0,0.0,0.0,0.0,0.15384615384615385,0.23529411764705882,0.0,0.0,0.0,0.0,0.0,0,0.0,0.0,0,0.0,0.0,0.0,0.0,0.0,0.0,0.0,0.0,0
Mushroom curry Kirata,0.0,0.0,0.049079754601226995,0.0,0.0,0.0,0.0,0.0,0.014388489208633094,0.0,0.0,0.013513513513513514,0.0,0.0,0.025974025974025976,0.0,0.0,0.0,0.0,0.0,0.0,0.0,0.0,0.0,0,0.0,0.0,0.0,0.061224489795918366,0.0,0,0.0,0.0,0.0,0.0,0,0.06060606060606061,0.0,0.0,0.0,0.0,0.025477707006369428,0.0,0.0,0.0,0.13043478260869565,0.06896551724137931,0.0,0.0,0.0,0.0,0.06060606060606061,0.0,0.0,0.0,0.0,0.0,0.0,0.0,0.0,0.0,0.0,0.0,0.0,0.0,0.0,0.0,0.0,0.0,0.0,0.0,0.0,0.13333333333333333,1.0,0.0,0.0,0.0,0.0,0.0,0.0,0.0,0.0,0.0,0.0,0,0.0,0.0,0.0,0.0,0.0,0.0,0.0,0.0,0.0,0.0,0.0,0.0,0.0,0.0,0.0,0.0,0.0,0.0,0.0,0.0,0.0,0.0,0.0,0.0,0,0.0,0.0,0,0.0,0.0,0.0,0.0,0.0,0.0,0.0,0.0,0
Prawn Salad,0.03428571428571429,0.0,0.07317073170731707,0.0,0.0,0.0,0.0,0.020833333333333332,0.014285714285714285,0.0,0.0,0.0,0.0,0.0,0.06451612903225806,0.0,0.007905138339920948,0.0,0.0,0.0,0.0,0.0,0.0,0.0,0,0.0,0.0,0.0,0.0,0.0,0,0.0,0.0,0.0,0.0,0,0.029850746268656716,0.0,0.0,0.0,0.0,0.0,0.0,0.0,0.0,0.0425531914893617,0.0,0.0,0.0,0.0,0.0,0.0,0.0,0.0,0.0,0.0,0.0,0.0,0.0,0.0,0.0,0.0,0.0,0.0,0.0,0.0,0.0,0.0,0.0,0.0,0.0,0.0,0.0,0.0,1.0,0.0,0.0,0.0,0.0,0.0,0.0,0.0,0.0,0.0,0,0.0,0.0,0.0,0.0,0.0,0.0,0.0,0.0,0.0,0.0,0.0,0.0,0.0,0.0,0.0,0.0,0.0,0.0,0.0,0.0,0.0,0.0,0.0,0.0,0,0.0,0.0,0,0.0,0.0,0.0,0.0,0.0,0.0,0.0,0.0,0
Arthapal Thelata,0.12499999999999999,0.021505376344086023,0.12087912087912088,0.0,0.0,0.0,0.0,0.0,0.02531645569620253,0.0,0.0,0.0718562874251497,0.0,0.0,0.046242774566473986,0.0,0.07380073800738007,0.0,0.0,0.3142857142857143,0.0,0.0,0.0,0.07407407407407407,0,0.0,0.05263157894736842,0.0,0.03418803418803419,0.0,0,0.0,0.19230769230769232,0.0,0.0,0,0.0,0.0,0.0,0.0,0.0,0.0,0.11594202898550725,0.0,0.0,0.0,0.0,0.0,0.0,0.0,0.0,0.07692307692307693,0.0,0.03125,0.0,0.047619047619047616,0.0,0.0,0.0,0.0,0.0,0.0,0.0,0.0,0.0,0.0,0.0,0.0,0.0,0.0,0.0,0.0,0.0,0.0,0.0,1.0,0.14285714285714285,0.07142857142857142,0.0,0.0,0.0,0.0,0.0,0.0,0,0.0,0.0,0.0,0.0,0.0,0.0,0.0,0.0,0.0,0.0,0.0,0.0,0.0,0.0,0.0,0.0,0.0,0.0,0.0,0.0,0.0,0.0,0.0,0.0,0,0.0,0.0,0,0.0,0.0,0.0,0.0,0.0,0.0,0.0,0.0,0
Chicken Curry Kirata,0.017341040462427744,0.0,0.0,0.0,0.0,0.0,0.0,0.0,0.0,0.0,0.0,0.0,0.0,0.0,0.013245033112582781,0.0,0.024096385542168676,0.0,0.0,0.0,0.0,0.0,0.0,0.0,0,0.0,0.0,0.0,0.0,0.0,0,0.0,0.0,0.0,0.0,0,0.0,0.0,0.0,0.0,0.0,0.0,0.0,0.0,0.0,0.0,0.0,0.0,0.0,0.0,0.0,0.0,0.0,0.047619047619047616,0.0,0.0,0.0,0.0,0.0,0.0,0.0,0.0,0.0,0.0,0.0,0.0,0.0,0.0,0.0,0.0,0.0,0.0,0.0,0.0,0.0,0.14285714285714285,1.0,0.0,0.0,0.0,0.0,0.0,0.0,0.0,0,0.0,0.0,0.0,0.0,0.0,0.0,0.0,0.0,0.0,0.0,0.0,0.0,0.0,0.0,0.0,0.0,0.0,0.0,0.0,0.0,0.0,0.0,0.0,0.0,0,0.0,0.0,0,0.0,0.0,0.0,0.0,0.0,0.0,0.0,0.0,0
Battered Prawn Salad,0.10695187165775401,0.020202020202020204,0.1382978723404255,0.0,0.0,0.0,0.0,0.0,0.0,0.0,0.025974025974025976,0.011560693641618497,0.0,0.0,0.0223463687150838,0.0,0.07942238267148015,0.0,0.12727272727272726,0.0,0.0,0.0,0.0,0.06666666666666667,0,0.046511627906976744,0.0,0.0,0.04878048780487805,0.0,0,0.0,0.13793103448275862,0.0,0.0,0,0.0,0.0,0.0,0.0,0.0,0.05309734513274336,0.05333333333333334,0.0,0.0,0.0,0.0,0.21052631578947367,0.0,0.0,0.0,0.034482758620689655,0.0,0.05714285714285714,0.0,0.041666666666666664,0.0,0.0,0.0,0.0,0.0,0.0,0.0,0.0,0.0,0.02631578947368421,0.0,0.0,0.0,0.0,0.0,0.0,0.0,0.0,0.0,0.07142857142857142,0.0,1.0,0.0,0.0,0.0,0.0,0.0,0.0,0,0.10810810810810811,0.0,0.06060606060606061,0.05714285714285714,0.0,0.0,0.0,0.0,0.0,0.0,0.047619047619047616,0.0,0.0,0.058823529411764705,0.0,0.0,0.0,0.0,0.0,0.0,0.0,0.0,0.0,0.0,0,0.0,0.0,0,0.0,0.0,0.09302325581395349,0.08333333333333333,0.0,0.0,0.0,0.0,0
Athu Gowa Malluma,0.0,0.0,0.0,0.0,0.0,0.0,0.0,0.01904761904761905,0.013422818791946308,0.0,0.0,0.0,0.0,0.0,0.07317073170731707,0.0,0.030534351145038167,0.0,0.0,0.0,0.0,0.0,0.0,0.0,0,0.0,0.0,0.0,0.0,0.0,0,0.0,0.0,0.0,0.0,0,0.05263157894736842,0.0,0.0,0.0,0.0,0.08641975308641975,0.0,0.06060606060606061,0.1111111111111111,0.0,0.0,0.0,0.0,0.0,0.0,0.0,0.0,0.0,0.0,0.0,0.0,0.0,0.0,0.0,0.0,0.0,0.0,0.0,0.0,0.22950819672131148,0.0,0.0,0.0,0.08,0.14634146341463414,0.0,0.0,0.0,0.0,0.0,0.0,0.0,1.0,0.13793103448275862,0.0,0.0,0.0,0.058823529411764705,0,0.0,0.10526315789473684,0.0,0.0,0.0,0.0,0.09090909090909091,0.10526315789473684,0.0,0.0,0.07407407407407407,0.0,0.10526315789473684,0.0,0.0,0.0,0.0,0.0,0.0,0.0,0.1111111111111111,0.0,0.0,0.0,0,0.09090909090909091,0.1111111111111111,0,0.0,0.0,0.0,0.0,0.0,0.0,0.0,0.0,0
Wattakka kalupola,0.0,0.0,0.0,0.0,0.0,0.0,0.0,0.0,0.0410958904109589,0.0,0.03389830508474576,0.025806451612903226,0.0,0.0,0.037267080745341616,0.0,0.015444015444015444,0.0,0.0,0.0,0.0,0.0,0.0,0.0,0,0.0,0.0,0.0,0.0,0.0,0,0.0,0.0,0.0,0.0,0,0.0821917808219178,0.0,0.0784313725490196,0.0,0.0,0.06230529595015576,0.03508771929824561,0.0,0.0,0.0,0.03076923076923077,0.0,0.0,0.0,0.0,0.05,0.0,0.0,0.0,0.0,0.0,0.0,0.0,0.0,0.0,0.0,0.0,0.0,0.0,0.06896551724137931,0.0,0.0,0.0,0.18181818181818182,0.0,0.0,0.09090909090909091,0.0,0.0,0.0,0.0,0.0,0.13793103448275862,1.0,0.10526315789473684,0.0,0.0,0.06451612903225806,0,0.0,0.0,0.0,0.0,0.2,0.0,0.10526315789473684,0.125,0.25,0.0,0.0,0.0,0.0,0.0,0.0,0.23529411764705882,0.13333333333333333,0.11764705882352941,0.09523809523809523,0.0,0.0,0.0,0.0,0.0,0,0.0,0.0,0,0.0,0.0,0.0,0.0,0.0,0.0,0.0,0.0,0
Wambatu curry,0.0,0.0,0.0,0.0,0.0,0.0,0.0,0.0,0.0,0.0,0.0,0.04054054054054054,0.0,0.0,0.025974025974025976,0.0,0.015873015873015872,0.0,0.0,0.0,0.0,0.0,0.0,0.0,0,0.0,0.0,0.0,0.0,0.0,0,0.0,0.0,0.0,0.0,0,0.06060606060606061,0.08,0.0,0.0,0.0,0.025477707006369428,0.0,0.07142857142857142,0.0,0.043478260869565216,0.0,0.0,0.0,0.16666666666666666,0.0,0.0,0.0,0.0,0.0,0.0,0.0,0.08695652173913043,0.0,0.0,0.0,0.0,0.0,0.0,0.0,0.0,0.0,0.0,0.0,0.13333333333333333,0.0,0.0,0.0,0.0,0.0,0.0,0.0,0.0,0.0,0.10526315789473684,1.0,0.36363636363636365,0.18181818181818182,0.0,0,0.0,0.0,0.0,0.0,0.0,0.0,0.0,0.0,0.0,0.0,0.0,0.0,0.0,0.0,0.0,0.0,0.0,0.0,0.0,0.0,0.0,0.0,0.0,0.0,0,0.0,0.0,0,0.0,0.0,0.0,0.0,0.0,0.0,0.0,0.0,0
Fried Potato Salad,0.0,0.0,0.0,0.0,0.0,0.0,0.0,0.0,0.0,0.0,0.0,0.0,0.0,0.0,0.0,0.0,0.02390438247011952,0.0,0.0,0.0,0.0,0.0,0.0,0.0,0,0.0,0.0,0.0,0.0,0.0,0,0.0,0.0,0.0,0.0,0,0.0,0.08333333333333333,0.0,0.0,0.0,0.03194888178913738,0.0,0.03636363636363636,0.0,0.13333333333333333,0.0,0.0,0.0,0.0,0.0,0.0,0.0,0.0,0.0,0.0,0.0,0.0,0.0,0.0,0.0,0.0,0.0,0.0,0.0,0.0,0.0,0.0,0.0,0.0,0.0,0.0,0.0,0.0,0.0,0.0,0.0,0.0,0.0,0.0,0.36363636363636365,1.0,0.6,0.17391304347826086,0,0.0,0.0,0.0,0.0,0.0,0.0,0.0,0.0,0.0,0.0,0.0,0.0,0.0,0.0,0.0,0.0,0.0,0.0,0.0,0.0,0.0,0.0,0.0,0.0,0,0.0,0.0,0,0.0,0.0,0.0,0.0,0.0,0.0,0.0,0.0,0
Bala Karawala Baduma,0.005747126436781609,0.0,0.0,0.0,0.0,0.0,0.0,0.0,0.0,0.0,0.0,0.0,0.0,0.0,0.0,0.0,0.0398406374501992,0.0,0.0,0.0,0.0,0.0,0.0,0.0,0,0.0,0.0,0.0,0.0,0.0,0,0.0,0.0,0.0,0.0,0,0.0,0.08333333333333333,0.0,0.0,0.0,0.025559105431309903,0.0,0.0,0.0,0.044444444444444446,0.0,0.0,0.0,0.0,0.0,0.0,0.0,0.0,0.0,0.0,0.0,0.0,0.0,0.0,0.0,0.0,0.0,0.0,0.0,0.0,0.0,0.0,0.0,0.0,0.0,0.0,0.0,0.0,0.0,0.0,0.0,0.0,0.0,0.0,0.18181818181818182,0.6,1.0,0.08695652173913043,0,0.0,0.0,0.0,0.0,0.0,0.0,0.0,0.0,0.0,0.0,0.0,0.0,0.0,0.0,0.0,0.0,0.0,0.0,0.0,0.0,0.0,0.0,0.0,0.0,0,0.0,0.0,0,0.0,0.0,0.0,0.0,0.0,0.0,0.0,0.0,0
Mushroom themparaduwa,0.0110803324099723,0.0,0.0,0.0,0.0,0.0,0.0,0.0,0.052980132450331126,0.0,0.0,0.05,0.0,0.0,0.03614457831325301,0.0,0.09848484848484848,0.0,0.0,0.0,0.0,0.0,0.0,0.0,0,0.0,0.0,0.0,0.0,0.0,0,0.0,0.0,0.0,0.0,0,0.0,0.16216216216216217,0.0,0.16666666666666666,0.0,0.09815950920245399,0.03225806451612903,0.20588235294117646,0.0,0.06896551724137931,0.0,0.0,0.0,0.0,0.0,0.0,0.0,0.0,0.0,0.0,0.0,0.11428571428571428,0.0,0.0,0.0,0.0,0.0,0.0,0.0,0.0,0.0,0.07407407407407407,0.0,0.0,0.0,0.0,0.0,0.0,0.0,0.0,0.0,0.0,0.058823529411764705,0.06451612903225806,0.0,0.17391304347826086,0.08695652173913043,1.0,0,0.0,0.0,0.0,0.0,0.08,0.08333333333333333,0.16666666666666666,0.0,0.09523809523809523,0.0,0.0,0.0,0.0,0.0,0.0,0.0,0.0,0.0,0.0,0.0,0.0,0.0,0.0,0.0,0,0.0,0.0,0,0.0,0.0,0.0,0.0,0.0,0.0,0.0,0.0,0
VegetarianVege Delight,0.0,0.0,0.0,0.0,0.0,0.0,0.0,0.0,0.0,0.0,0.0,0.0,0.0,0.0,0.0,0.0,0.0,0.0,0.0,0.0,0.0,0.0,0.0,0.0,0,0.0,0.0,0.0,0.0,0.0,0,0.0,0.0,0.0,0.0,0,0.0,0.0,0.0,0.0,0.0,0.0,0.0,0.0,0.0,0.0,0.0,0.0,0.0,0.0,0.0,0.0,0.0,0.0,0.0,0.0,0.0,0.0,0.0,0.0,0.0,0.0,0.0,0.0,0.0,0.0,0.0,0.0,0.0,0.0,0.0,0.0,0.0,0.0,0.0,0.0,0.0,0.0,0.0,0.0,0.0,0.0,0.0,0.0,0,0.0,0.0,0.0,0.0,0.0,0.0,0.0,0.0,0.0,0.0,0.0,0.0,0.0,0.0,0.0,0.0,0.0,0.0,0.0,0.0,0.0,0.0,0.0,0.0,0,0.0,0.0,0,0.0,0.0,0.0,0.0,0.0,0.0,0.0,0.0,0
Kawpi Curry,0.0,0.0,0.0,0.0,0.0,0.0,0.0,0.021052631578947368,0.04316546762589928,0.0,0.038461538461538464,0.0,0.0,0.0,0.0,0.0,0.031746031746031744,0.0,0.0,0.0,0.0,0.0,0.0,0.0,0,0.0,0.0,0.0,0.0,0.0,0,0.0,0.0,0.0,0.0,0,0.06060606060606061,0.0,0.0,0.0,0.0,0.025477707006369428,0.12,0.0,0.0,0.0,0.0,0.0,0.0,0.0,0.0,0.0,0.0,0.0,0.0,0.0,0.0,0.0,0.0,0.0,0.0,0.0,0.0,0.0,0.0,0.0,0.0,0.0,0.0,0.0,0.0,0.0,0.0,0.0,0.0,0.0,0.0,0.10810810810810811,0.0,0.0,0.0,0.0,0.0,0.0,0,1.0,0.2222222222222222,0.25,0.0,0.0,0.0,0.0,0.0,0.0,0.0,0.0,0.0,0.0,0.0,0.0,0.0,0.0,0.0,0.0,0.0,0.0,0.0,0.0,0.0,0,0.0,0.0,0,0.0,0.0,0.0,0.0,0.0,0.0,0.0,0.0,0
Ambarella Curry,0.0,0.0,0.0,0.0,0.0,0.0,0.0,0.043478260869565216,0.014705882352941176,0.0,0.0,0.0,0.0,0.0,0.0,0.0,0.01606425702811245,0.0,0.0,0.0,0.0,0.0,0.0,0.0,0,0.0,0.0,0.0,0.0,0.0,0,0.0,0.0,0.0,0.0,0,0.0,0.0,0.0,0.0,0.0,0.01929260450160772,0.0,0.0,0.0,0.0,0.0,0.0,0.0,0.0,0.0,0.0,0.0,0.0,0.0,0.0,0.0,0.0,0.0,0.0,0.0,0.0,0.0,0.0,0.0,0.0,0.0,0.0,0.0,0.0,0.07142857142857142,0.0,0.0,0.0,0.0,0.0,0.0,0.0,0.10526315789473684,0.0,0.0,0.0,0.0,0.0,0,0.2222222222222222,1.0,0.0,0.0,0.0,0.0,0.0,0.0,0.0,0.0,0.0,0.0,0.0,0.0,0.0,0.0,0.0,0.0,0.0,0.0,0.0,0.0,0.0,0.0,0,0.2222222222222222,0.0,0,0.0,0.0,0.0,0.0,0.0,0.0,0.0,0.0,0
Nelum Ala curry,0.0,0.0,0.0,0.0,0.0,0.0,0.0,0.0,0.014814814814814815,0.0,0.0,0.0,0.0,0.0,0.0,0.0,0.008064516129032258,0.0,0.0,0.0,0.0,0.0,0.0,0.0,0,0.0,0.0,0.0,0.0,0.0,0,0.0,0.0,0.0,0.0,0,0.03225806451612903,0.0,0.0,0.0,0.0,0.0064516129032258064,0.0,0.0,0.0,0.0,0.0,0.0,0.0,0.0,0.0,0.0,0.0,0.0,0.0,0.0,0.0,0.0,0.0,0.0,0.0,0.0,0.0,0.0,0.0,0.0,0.0,0.0,0.0,0.0,0.0,0.0,0.0,0.0,0.0,0.0,0.0,0.06060606060606061,0.0,0.0,0.0,0.0,0.0,0.0,0,0.25,0.0,1.0,0.3333333333333333,0.0,0.0,0.0,0.0,0.0,0.0,0.0,0.0,0.0,0.0,0.0,0.0,0.0,0.0,0.0,0.0,0.0,0.0,0.0,0.0,0,0.0,0.0,0,0.0,0.0,0.0,0.0,0.0,0.0,0.0,0.0,0
Kankun Malluma,0.0,0.0,0.0,0.0,0.0,0.0,0.0,0.043010752688172046,0.014598540145985401,0.0,0.04,0.0,0.0,0.23529411764705882,0.0,0.0,0.016,0.0,0.0,0.0,0.0,0.0,0.0,0.0,0,0.0,0.0,0.0,0.0,0.0,0,0.0,0.0,0.0,0.0,0,0.03125,0.0,0.0,0.0,0.0,0.019230769230769232,0.0,0.0,0.0,0.0,0.03571428571428571,0.0,0.0,0.0,0.0,0.0,0.0,0.0,0.0,0.0,0.0,0.0,0.0,0.0,0.0,0.0,0.0,0.0,0.0,0.04081632653061224,0.0,0.0,0.0,0.0,0.0,0.0,0.0,0.0,0.0,0.0,0.0,0.05714285714285714,0.0,0.0,0.0,0.0,0.0,0.0,0,0.0,0.0,0.3333333333333333,1.0,0.0,0.0,0.0,0.0,0.0,0.0,0.0,0.0,0.0,0.0,0.0,0.0,0.0,0.0,0.0,0.0,0.0,0.0,0.0,0.0,0,0.0,0.0,0,0.0,0.0,0.0,0.0,0.0,0.0,0.0,0.0,0
Kos malluma,0.0,0.0,0.0,0.0,0.0,0.0,0.0,0.0,0.014285714285714285,0.0,0.0,0.013422818791946308,0.0,0.0,0.012903225806451613,0.0,0.03162055335968379,0.0,0.0,0.0,0.0,0.0,0.0,0.0,0,0.0,0.0,0.0,0.0,0.0,0,0.0,0.0,0.0,0.0,0,0.029850746268656716,0.07692307692307693,0.0,0.0,0.0,0.0380952380952381,0.0392156862745098,0.03508771929824561,0.0,0.0,0.0,0.0,0.0,0.0,0.0,0.0,0.0,0.0,0.0,0.0,0.0,0.0,0.0,0.0,0.0,0.0,0.0,0.0,0.0,0.0,0.0,0.0,0.0,0.0,0.0,0.0,0.0,0.0,0.0,0.0,0.0,0.0,0.0,0.2,0.0,0.0,0.0,0.08,0,0.0,0.0,0.0,0.0,1.0,0.3076923076923077,0.15384615384615385,0.0,0.4,0.0,0.0,0.0,0.0,0.0,0.0,0.0,0.0,0.0,0.0,0.0,0.0,0.0,0.0,0.0,0,0.0,0.0,0,0.0,0.0,0.0,0.0,0.0,0.0,0.0,0.0,0
Egg Vege Cutlet,0.0,0.0,0.0,0.0,0.0,0.0,0.0,0.0,0.04316546762589928,0.0,0.0,0.02702702702702703,0.0,0.0,0.0,0.0,0.03968253968253968,0.0,0.0,0.0,0.0,0.0,0.0,0.0,0,0.0,0.0,0.0,0.0,0.0,0,0.0,0.0,0.0,0.0,0,0.030303030303030304,0.24,0.0,0.0,0.0,0.03184713375796178,0.0,0.0,0.0,0.0,0.0,0.0,0.0,0.0,0.0,0.0,0.0,0.0,0.0,0.0,0.0,0.0,0.0,0.0,0.0,0.0,0.0,0.0,0.0,0.0,0.0,0.0,0.0,0.0,0.0,0.0,0.0,0.0,0.0,0.0,0.0,0.0,0.0,0.0,0.0,0.0,0.0,0.08333333333333333,0,0.0,0.0,0.0,0.0,0.3076923076923077,1.0,0.16666666666666666,0.0,0.0,0.0,0.0,0.0,0.0,0.0,0.0,0.0,0.0,0.0,0.0,0.0,0.0,0.0,0.0,0.0,0,0.0,0.0,0,0.0,0.0,0.0,0.0,0.0,0.0,0.0,0.0,0
Chicken Curry,0.0,0.0,0.0,0.0,0.0,0.0,0.0,0.0,0.0,0.0,0.038461538461538464,0.0,0.0,0.0,0.0,0.0,0.031746031746031744,0.0,0.0,0.0,0.0,0.0,0.0,0.0,0,0.0,0.0,0.0,0.0,0.0,0,0.0,0.0,0.0,0.0,0,0.0,0.16,0.0,0.0,0.0,0.03821656050955414,0.04,0.0,0.07692307692307693,0.0,0.0,0.0,0.0,0.0,0.0,0.0,0.0,0.0,0.0,0.0,0.0,0.0,0.0,0.0,0.0,0.0,0.0,0.0,0.0,0.0,0.0,0.0,0.0,0.0,0.06451612903225806,0.0,0.0,0.0,0.0,0.0,0.0,0.0,0.09090909090909091,0.10526315789473684,0.0,0.0,0.0,0.16666666666666666,0,0.0,0.0,0.0,0.0,0.15384615384615385,0.16666666666666666,1.0,0.0,0.0,0.0,0.0,0.0,0.0,0.0,0.0,0.0,0.0,0.0,0.0,0.0,0.0,0.0,0.0,0.0,0,0.0,0.0,0,0.0,0.0,0.0,0.0,0.0,0.0,0.0,0.0,0
Karawala Baduma,0.0,0.0,0.0,0.0,0.0,0.0,0.0,0.021739130434782608,0.0,0.0,0.0,0.013793103448275862,0.0,0.0,0.013245033112582781,0.0,0.0,0.0,0.0,0.0,0.0,0.0,0.0,0.0,0,0.0,0.0,0.0,0.0,0.0,0,0.0,0.0,0.0,0.0,0,0.0,0.0,0.0,0.0,0.0,0.01929260450160772,0.0,0.0,0.0,0.0,0.03636363636363636,0.0,0.0,0.0,0.0,0.06666666666666667,0.0,0.0,0.0,0.0,0.0,0.0,0.0,0.0,0.0,0.0,0.0,0.0,0.0,0.0,0.0,0.0,0.0,0.0,0.07142857142857142,0.0,0.0,0.0,0.0,0.0,0.0,0.0,0.10526315789473684,0.125,0.0,0.0,0.0,0.0,0,0.0,0.0,0.0,0.0,0.0,0.0,0.0,1.0,0.0,0.0,0.0,0.0,0.0,0.0,0.0,0.0,0.0,0.0,0.0,0.0,0.0,0.0,0.0,0.0,0,0.0,0.0,0,0.0,0.0,0.0,0.0,0.0,0.0,0.0,0.0,0
Thalapath Karawala Baduma,0.0,0.0,0.0,0.0,0.0,0.0,0.0,0.0,0.0,0.0,0.0,0.013793103448275862,0.0,0.0,0.0,0.0,0.01606425702811245,0.0,0.0,0.0,0.0,0.0,0.0,0.0,0,0.0,0.0,0.0,0.0,0.0,0,0.0,0.0,0.0,0.0,0,0.031746031746031744,0.0,0.0,0.0,0.0,0.012861736334405145,0.0425531914893617,0.0,0.0,0.0,0.0,0.0,0.0,0.0,0.0,0.0,0.0,0.0,0.0,0.0,0.0,0.0,0.0,0.0,0.0,0.0,0.0,0.0,0.0,0.0,0.0,0.0,0.0,0.0,0.0,0.0,0.0,0.0,0.0,0.0,0.0,0.0,0.0,0.25,0.0,0.0,0.0,0.09523809523809523,0,0.0,0.0,0.0,0.0,0.4,0.0,0.0,0.0,1.0,0.0,0.0,0.0,0.0,0.0,0.0,0.0,0.0,0.0,0.0,0.0,0.0,0.0,0.0,0.0,0,0.0,0.0,0,0.0,0.0,0.0,0.0,0.0,0.0,0.0,0.0,0
Mora karawala baduma,0.0,0.0,0.012048192771084338,0.0,0.0,0.0,0.0,0.02040816326530612,0.0,0.0,0.0,0.0,0.0,0.0,0.03821656050955414,0.0,0.023529411764705882,0.0,0.045454545454545456,0.0,0.0,0.0,0.0,0.0,0,0.0,0.0,0.0,0.0,0.0,0,0.0,0.0,0.0,0.0,0,0.08695652173913043,0.0,0.0,0.13333333333333333,0.0,0.03785488958990536,0.11320754716981132,0.0,0.13793103448275862,0.0,0.0,0.0,0.0,0.0,0.0,0.0,0.0,0.0,0.06060606060606061,0.0,0.0,0.15384615384615385,0.0,0.0,0.0,0.0,0.0,0.0,0.0,0.07407407407407407,0.0,0.0,0.0,0.0,0.11764705882352941,0.0,0.0,0.0,0.0,0.0,0.0,0.0,0.0,0.0,0.0,0.0,0.0,0.0,0,0.0,0.0,0.0,0.0,0.0,0.0,0.0,0.0,0.0,1.0,0.0,0.0,0.0,0.16666666666666666,0.14285714285714285,0.0,0.0,0.0,0.0,0.0,0.0,0.0,0.0,0.0,0,0.0,0.0,0,0.0,0.0,0.0,0.0,0.0,0.0,0.0,0.0,0
Malu Miris Pirawuma Kirata,0.04519774011299435,0.0,0.07142857142857142,0.0,0.0,0.0,0.0,0.0,0.0,0.0,0.0,0.0,0.0,0.0,0.012578616352201259,0.0,0.0,0.0,0.0,0.0,0.0,0.0,0.0,0.05,0,0.0,0.0,0.0,0.11650485436893204,0.0,0,0.0,0.0,0.0,0.0,0,0.0,0.0,0.0,0.0,0.0,0.012539184952978056,0.0,0.0,0.0,0.0,0.0,0.17857142857142858,0.0,0.0,0.0,0.05263157894736842,0.0,0.0,0.0,0.0,0.0,0.0,0.0,0.0,0.0,0.0,0.0,0.0,0.0,0.07142857142857142,0.0,0.0,0.0,0.0,0.0,0.0,0.0,0.0,0.0,0.0,0.0,0.047619047619047616,0.07407407407407407,0.0,0.0,0.0,0.0,0.0,0,0.0,0.0,0.0,0.0,0.0,0.0,0.0,0.0,0.0,0.0,1.0,0.16666666666666666,0.14285714285714285,0.0,0.0,0.0,0.0,0.0,0.0,0.0,0.0,0.0,0.0,0.0,0,0.0,0.0,0,0.0,0.0,0.0,0.14285714285714285,0.0,0.0,0.0,0.0,0
Vege Mixed Battered Cuttlefish Sala,0.0,0.0,0.0,0.0,0.0,0.0,0.0,0.0,0.0,0.0,0.0,0.0,0.0,0.0,0.0,0.0,0.0,0.0,0.0,0.0,0.0,0.0,0.0,0.0,0,0.0,0.0,0.0,0.0,0.0,0,0.0,0.0,0.0,0.0,0,0.0,0.0,0.0,0.0,0.0,0.006472491909385114,0.0,0.0,0.0,0.0,0.0,0.0,0.0,0.0,0.0,0.0,0.0,0.0,0.0,0.0,0.0,0.0,0.0,0.0,0.0,0.0,0.0,0.0,0.0,0.043478260869565216,0.0,0.0,0.0,0.0,0.0,0.0,0.0,0.0,0.0,0.0,0.0,0.0,0.0,0.0,0.0,0.0,0.0,0.0,0,0.0,0.0,0.0,0.0,0.0,0.0,0.0,0.0,0.0,0.0,0.16666666666666666,1.0,0.0,0.0,0.0,0.0,0.0,0.0,0.0,0.0,0.0,0.0,0.0,0.0,0,0.0,0.0,0,0.0,0.0,0.0,0.0,0.0,0.0,0.0,0.0,0
Vege Mixed Battered Cuttlefish Salad,0.0,0.0,0.0,0.0,0.0,0.0,0.0,0.0,0.0,0.0,0.0,0.0,0.0,0.0,0.0,0.0,0.01606425702811245,0.0,0.0,0.0,0.0,0.0,0.0,0.0,0,0.0,0.0,0.0,0.0,0.0,0,0.0,0.0,0.0,0.0,0,0.0,0.0,0.0,0.0,0.0,0.01929260450160772,0.0,0.0,0.0,0.0,0.0,0.0,0.0,0.0,0.0,0.0,0.0,0.0,0.0,0.2,0.0,0.0,0.0,0.0,0.0,0.0,0.0,0.0,0.0,0.041666666666666664,0.0,0.0,0.0,0.0,0.0,0.0,0.0,0.0,0.0,0.0,0.0,0.0,0.10526315789473684,0.0,0.0,0.0,0.0,0.0,0,0.0,0.0,0.0,0.0,0.0,0.0,0.0,0.0,0.0,0.0,0.14285714285714285,0.0,1.0,0.0,0.0,0.0,0.0,0.0,0.0,0.0,0.0,0.0,0.0,0.0,0,0.0,0.0,0,0.0,0.0,0.0,0.0,0.0,0.0,0.0,0.0,0
Chicken White Curry,0.0,0.0,0.025,0.0,0.0,0.0,0.0,0.0,0.0,0.0,0.0,0.0,0.0,0.0,0.0,0.0,0.0,0.0,0.04878048780487805,0.0,0.0,0.0,0.0,0.0,0,0.0,0.0,0.0,0.0,0.0,0,0.0,0.0,0.0,0.0,0,0.031746031746031744,0.0,0.0,0.0,0.0,0.012861736334405145,0.0,0.0,0.17391304347826086,0.0,0.0,0.0,0.0,0.0,0.0,0.0,0.0,0.0,0.0,0.0,0.0,0.0,0.0,0.0,0.0,0.0,0.0,0.0,0.0,0.0,0.0,0.0,0.0,0.0,0.0,0.0,0.0,0.0,0.0,0.0,0.0,0.058823529411764705,0.0,0.0,0.0,0.0,0.0,0.0,0,0.0,0.0,0.0,0.0,0.0,0.0,0.0,0.0,0.0,0.16666666666666666,0.0,0.0,0.0,1.0,0.25,0.0,0.0,0.0,0.0,0.0,0.0,0.0,0.0,0.0,0,0.0,0.0,0,0.0,0.0,0.0,0.0,0.0,0.0,0.0,0.0,0
Wambatu themparaduwa,0.0,0.0,0.0,0.0,0.0,0.0,0.0,0.0425531914893617,0.0,0.0,0.0,0.0,0.0,0.0,0.0,0.0,0.0,0.0,0.07142857142857142,0.0,0.0,0.0,0.0,0.0,0,0.0,0.0,0.0,0.0,0.0,0,0.0,0.0,0.0,0.0,0,0.06153846153846154,0.0,0.0,0.0,0.0,0.019169329073482427,0.0,0.0,0.08,0.0,0.0,0.0,0.0,0.0,0.0,0.0,0.0,0.0,0.0,0.0,0.0,0.0,0.0,0.0,0.0,0.18181818181818182,0.0,0.0,0.0,0.0,0.0,0.0,0.0,0.0,0.0,0.0,0.0,0.0,0.0,0.0,0.0,0.0,0.0,0.0,0.0,0.0,0.0,0.0,0,0.0,0.0,0.0,0.0,0.0,0.0,0.0,0.0,0.0,0.14285714285714285,0.0,0.0,0.0,0.25,1.0,0.0,0.0,0.0,0.0,0.0,0.0,0.4444444444444444,0.0,0.0,0,0.18181818181818182,0.0,0,0.0,0.0,0.0,0.0,0.0,0.0,0.0,0.0,0
Wambatu Badala Kirata,0.0,0.0,0.0,0.0,0.0,0.0,0.0,0.0,0.043795620437956206,0.0,0.0,0.0410958904109589,0.0,0.0,0.013157894736842105,0.0,0.0,0.0,0.0,0.0,0.0,0.0,0.0,0.0,0,0.0,0.0,0.0,0.0,0.0,0,0.0,0.0,0.0,0.0,0,0.03125,0.0,0.0,0.0,0.0,0.019230769230769232,0.0,0.0,0.0,0.0,0.0,0.0,0.0,0.0,0.0,0.0,0.0,0.0,0.0,0.0,0.0,0.0,0.0,0.0,0.0,0.0,0.0,0.0,0.0,0.12244897959183673,0.0,0.0,0.0,0.0,0.0,0.0,0.0,0.0,0.0,0.0,0.0,0.0,0.0,0.23529411764705882,0.0,0.0,0.0,0.0,0,0.0,0.0,0.0,0.0,0.0,0.0,0.0,0.0,0.0,0.0,0.0,0.0,0.0,0.0,0.0,1.0,0.6666666666666666,0.0,0.0,0.0,0.0,0.0,0.0,0.0,0,0.0,0.0,0,0.0,0.0,0.0,0.0,0.0,0.0,0.0,0.0,0
Kumbala Karawala Baduma,0.0,0.0,0.0,0.0,0.0,0.0,0.0,0.0,0.014814814814814815,0.0,0.0,0.027777777777777776,0.0,0.0,0.0,0.0,0.0,0.0,0.0,0.0,0.0,0.0,0.0,0.0,0,0.0,0.0,0.0,0.0,0.0,0,0.0,0.0,0.0,0.0,0,0.03225806451612903,0.0,0.0,0.0,0.0,0.0064516129032258064,0.0,0.0,0.0,0.0,0.0,0.0,0.0,0.0,0.0,0.0,0.0,0.0,0.0,0.0,0.0,0.0,0.0,0.0,0.0,0.0,0.0,0.0,0.0,0.0425531914893617,0.0,0.0,0.0,0.0,0.0,0.0,0.0,0.0,0.0,0.0,0.0,0.0,0.0,0.13333333333333333,0.0,0.0,0.0,0.0,0,0.0,0.0,0.0,0.0,0.0,0.0,0.0,0.0,0.0,0.0,0.0,0.0,0.0,0.0,0.0,0.6666666666666666,1.0,0.0,0.0,0.0,0.0,0.0,0.0,0.0,0,0.0,0.0,0,0.0,0.0,0.0,0.0,0.0,0.0,0.0,0.0,0
Sausage Thelata (2),0.0,0.0,0.0,0.0,0.0,0.0,0.0,0.0,0.0,0.0,0.0,0.0,0.0,0.0,0.013157894736842105,0.0,0.0,0.0,0.0,0.0,0.0,0.0,0.0,0.0,0,0.0,0.0,0.0,0.0,0.0,0,0.0,0.0,0.0,0.0,0,0.03125,0.0,0.09523809523809523,0.0,0.0,0.019230769230769232,0.0,0.0,0.0,0.0,0.03571428571428571,0.08163265306122448,0.0,0.0,0.0,0.0,0.0,0.0,0.0,0.0,0.0,0.0,0.0,0.0,0.0,0.0,0.0,0.0,0.0,0.04081632653061224,0.0,0.0,0.0,0.0,0.0,0.0,0.15384615384615385,0.0,0.0,0.0,0.0,0.0,0.0,0.11764705882352941,0.0,0.0,0.0,0.0,0,0.0,0.0,0.0,0.0,0.0,0.0,0.0,0.0,0.0,0.0,0.0,0.0,0.0,0.0,0.0,0.0,0.0,1.0,0.5,0.0,0.0,0.0,0.0,0.0,0,0.0,0.0,0,0.0,0.0,0.0,0.0,0.0,0.0,0.0,0.0,0
Fried Papadam Miris(2),0.0,0.0,0.0,0.0,0.0,0.0,0.0,0.0,0.0,0.0,0.0,0.013333333333333334,0.0,0.0,0.01282051282051282,0.0,0.0,0.0,0.0,0.07547169811320754,0.0,0.0,0.0,0.0,0,0.0,0.0,0.0,0.0,0.0,0,0.0,0.0,0.0,0.0,0,0.029411764705882353,0.0,0.08695652173913043,0.0,0.0,0.04430379746835443,0.0,0.0,0.0,0.0,0.1,0.07547169811320754,0.0,0.0,0.0,0.0,0.0,0.0,0.0,0.0,0.0,0.0,0.0,0.0,0.0,0.0,0.0,0.0,0.0,0.18867924528301888,0.0,0.0,0.0,0.0,0.0,0.0,0.23529411764705882,0.0,0.0,0.0,0.0,0.0,0.0,0.09523809523809523,0.0,0.0,0.0,0.0,0,0.0,0.0,0.0,0.0,0.0,0.0,0.0,0.0,0.0,0.0,0.0,0.0,0.0,0.0,0.0,0.0,0.0,0.5,1.0,0.0,0.0,0.0,0.0,0.0,0,0.0,0.0,0,0.0,0.0,0.0,0.0,0.0,0.0,0.0,0.0,0
Mixed Meat Vege Salad,0.011594202898550725,0.0,0.0,0.0,0.0,0.0,0.0,0.0,0.0,0.0,0.0,0.013888888888888888,0.0,0.0,0.0,0.0,0.016129032258064516,0.0,0.024691358024691357,0.0,0.0,0.0,0.0,0.0,0,0.0,0.0,0.0,0.0,0.0,0,0.0,0.0,0.0,0.0,0,0.0,0.0,0.0,0.0,0.0,0.0,0.0,0.0,0.0,0.0,0.0,0.0,0.0,0.0,0.0,0.0,0.0,0.0,0.0,0.0,0.0,0.0,0.0,0.0,0.0,0.0,0.0,0.0,0.0,0.0,0.0,0.0,0.0,0.0,0.0,0.0,0.0,0.0,0.0,0.0,0.0,0.0,0.0,0.0,0.0,0.0,0.0,0.0,0,0.0,0.0,0.0,0.0,0.0,0.0,0.0,0.0,0.0,0.0,0.0,0.0,0.0,0.0,0.0,0.0,0.0,0.0,0.0,1.0,0.0,0.0,0.0,0.0,0,0.0,0.0,0,0.0,0.0,0.0,0.0,0.0,0.0,0.0,0.0,0
Fried Cuttlefish,0.005797101449275362,0.02857142857142857,0.0,0.0,0.0,0.0,0.0,0.0,0.0,0.0,0.041666666666666664,0.0,0.0,0.0,0.0,0.0,0.0,0.0,0.0,0.0,0.0,0.0,0.0,0.0,0,0.0,0.0,0.0,0.0,0.0,0,0.0,0.0,0.0,0.0,0,0.03225806451612903,0.0,0.0,0.0,0.0,0.0,0.0,0.0,0.09090909090909091,0.0,0.0,0.0,0.0,0.0,0.0,0.0,0.0,0.0,0.0,0.0,0.0,0.0,0.0,0.0,0.0,0.0,0.0,0.0,0.0,0.0,0.0,0.0,0.0,0.0,0.0,0.0,0.0,0.0,0.0,0.0,0.0,0.0,0.1111111111111111,0.0,0.0,0.0,0.0,0.0,0,0.0,0.0,0.0,0.0,0.0,0.0,0.0,0.0,0.0,0.0,0.0,0.0,0.0,0.0,0.0,0.0,0.0,0.0,0.0,0.0,1.0,0.0,0.0,0.0,0,0.0,0.0,0,0.0,0.0,0.0,0.0,0.0,0.0,0.0,0.0,0
Fish Badala,0.005763688760806916,0.0,0.0,0.0,0.0,0.0,0.0,0.043010752688172046,0.0,0.0,0.0,0.0136986301369863,0.0,0.0,0.0,0.0,0.016,0.0,0.04819277108433735,0.0,0.0,0.0,0.0,0.0,0,0.0,0.0,0.0,0.0,0.0,0,0.0,0.0,0.0,0.0,0,0.03125,0.0,0.0,0.0,0.0,0.01282051282051282,0.0,0.0,0.0,0.0,0.0,0.0,0.0,0.0,0.0,0.0,0.0,0.0,0.0,0.0,0.0,0.0,0.0,0.0,0.0,0.0,0.0,0.0,0.0,0.0,0.0,0.0,0.0,0.0,0.0,0.0,0.0,0.0,0.0,0.0,0.0,0.0,0.0,0.0,0.0,0.0,0.0,0.0,0,0.0,0.0,0.0,0.0,0.0,0.0,0.0,0.0,0.0,0.0,0.0,0.0,0.0,0.0,0.4444444444444444,0.0,0.0,0.0,0.0,0.0,0.0,1.0,0.0,0.0,0,0.0,0.0,0,0.0,0.0,0.0,0.0,0.0,0.0,0.0,0.0,0
Prawns Cutlet,0.011560693641618497,0.028169014084507043,0.0,0.0,0.0,0.0,0.0,0.0,0.0,0.0,0.04081632653061224,0.0,0.0,0.0,0.0,0.0,0.008032128514056224,0.0,0.024390243902439025,0.0,0.0,0.0,0.0,0.0,0,0.034482758620689655,0.0,0.0,0.0,0.0,0,0.0,0.0,0.0,0.0,0,0.0,0.0,0.04878048780487805,0.0,0.0,0.006430868167202572,0.0,0.0,0.0,0.0,0.0,0.0,0.0,0.0,0.0,0.0,0.0,0.0,0.0,0.0,0.0,0.0,0.0,0.0,0.0,0.0,0.0,0.0,0.0,0.0,0.0,0.5,0.0,0.0,0.0,0.0,0.0,0.0,0.0,0.0,0.0,0.0,0.0,0.0,0.0,0.0,0.0,0.0,0,0.0,0.0,0.0,0.0,0.0,0.0,0.0,0.0,0.0,0.0,0.0,0.0,0.0,0.0,0.0,0.0,0.0,0.0,0.0,0.0,0.0,0.0,1.0,0.0,0,0.0,0.0,0,0.0,0.0,0.0,0.0,0.0,0.0,0.0,0.0,0
Watu Biththara Thelata,0.0,0.0,0.0,0.0,0.0,0.0,0.0,0.0,0.0,0.0,0.0,0.0,0.0,0.25,0.0,0.0,0.01606425702811245,0.0,0.0,0.0,0.09090909090909091,0.0,0.0,0.0,0,0.0,0.0,0.0,0.0,0.0,0,0.0,0.0,0.0,0.0,0,0.031746031746031744,0.09090909090909091,0.0,0.0,0.0,0.012861736334405145,0.0,0.0,0.0,0.0,0.0,0.0,0.0,0.0,0.0,0.0,0.0,0.0,0.0,0.0,0.0,0.1,0.0,0.0,0.0,0.0,0.0,0.0,0.0,0.0,0.0,0.0,0.0,0.0,0.0,0.0,0.0,0.0,0.0,0.0,0.0,0.0,0.0,0.0,0.0,0.0,0.0,0.0,0,0.0,0.0,0.0,0.0,0.0,0.0,0.0,0.0,0.0,0.0,0.0,0.0,0.0,0.0,0.0,0.0,0.0,0.0,0.0,0.0,0.0,0.0,0.0,1.0,0,0.0,0.0,0,0.0,0.0,0.0,0.0,0.0,0.0,0.0,0.0,0
Mushroom Salad,0.0,0.0,0.0,0.0,0.0,0.0,0.0,0.0,0.0,0.0,0.0,0.0,0.0,0.0,0.0,0.0,0.0,0.0,0.0,0.0,0.0,0.0,0.0,0.0,0,0.0,0.0,0.0,0.0,0.0,0,0.0,0.0,0.0,0.0,0,0.0,0.0,0.0,0.0,0.0,0.0,0.0,0.0,0.0,0.0,0.0,0.0,0.0,0.0,0.0,0.0,0.0,0.0,0.0,0.0,0.0,0.0,0.0,0.0,0.0,0.0,0.0,0.0,0.0,0.0,0.0,0.0,0.0,0.0,0.0,0.0,0.0,0.0,0.0,0.0,0.0,0.0,0.0,0.0,0.0,0.0,0.0,0.0,0,0.0,0.0,0.0,0.0,0.0,0.0,0.0,0.0,0.0,0.0,0.0,0.0,0.0,0.0,0.0,0.0,0.0,0.0,0.0,0.0,0.0,0.0,0.0,0.0,0,0.0,0.0,0,0.0,0.0,0.0,0.0,0.0,0.0,0.0,0.0,0
Sausage Cutlet,0.011461318051575931,0.02702702702702703,0.0,0.0,0.0,0.0,0.0,0.042105263157894736,0.0,0.0,0.0,0.0,0.0,0.0,0.0,0.0,0.03968253968253968,0.0,0.023529411764705882,0.0,0.08,0.0,0.0,0.0,0,0.0,0.0,0.0,0.0,0.0,0,0.0,0.0,0.0,0.0,0,0.030303030303030304,0.0,0.0,0.0,0.0,0.01910828025477707,0.0,0.0,0.0,0.0,0.0,0.0,0.0,0.0,0.0,0.0,0.0,0.0,0.0,0.0,0.0,0.0,0.0,0.0,0.0,0.16666666666666666,0.0,0.0,0.125,0.0,0.0,0.0,0.0,0.0,0.0,0.0,0.0,0.0,0.0,0.0,0.0,0.0,0.09090909090909091,0.0,0.0,0.0,0.0,0.0,0,0.0,0.2222222222222222,0.0,0.0,0.0,0.0,0.0,0.0,0.0,0.0,0.0,0.0,0.0,0.0,0.18181818181818182,0.0,0.0,0.0,0.0,0.0,0.0,0.0,0.0,0.0,0,1.0,0.25,0,0.0,0.0,0.0,0.0,0.2,0.2222222222222222,0.0,0.0,0
Halmassan Curry Kirata,0.005797101449275362,0.0,0.0,0.0,0.0,0.18181818181818182,0.0,0.0,0.0,0.0,0.0,0.0,0.0,0.0,0.013333333333333334,0.0,0.008064516129032258,0.0,0.0,0.0,0.0,0.0,0.0,0.0,0,0.0,0.0,0.0,0.0,0.0,0,0.0,0.0,0.0,0.0,0,0.0,0.0,0.0,0.0,0.0,0.0064516129032258064,0.0,0.0,0.0,0.0,0.0,0.0,0.0,0.0,0.0,0.0,0.0,0.0,0.0,0.0,0.0,0.0,0.0,0.0,0.0,0.0,0.0,0.0,0.0,0.0,0.0,0.0,0.0,0.0,0.0,0.0,0.0,0.0,0.0,0.0,0.0,0.0,0.1111111111111111,0.0,0.0,0.0,0.0,0.0,0,0.0,0.0,0.0,0.0,0.0,0.0,0.0,0.0,0.0,0.0,0.0,0.0,0.0,0.0,0.0,0.0,0.0,0.0,0.0,0.0,0.0,0.0,0.0,0.0,0,0.25,1.0,0,0.0,0.0,0.0,0.0,0.0,0.0,0.0,0.0,0
Simple and SuperBattered Chicken Meal,0.0,0.0,0.0,0.0,0.0,0.0,0.0,0.0,0.0,0.0,0.0,0.0,0.0,0.0,0.0,0.0,0.0,0.0,0.0,0.0,0.0,0.0,0.0,0.0,0,0.0,0.0,0.0,0.0,0.0,0,0.0,0.0,0.0,0.0,0,0.0,0.0,0.0,0.0,0.0,0.0,0.0,0.0,0.0,0.0,0.0,0.0,0.0,0.0,0.0,0.0,0.0,0.0,0.0,0.0,0.0,0.0,0.0,0.0,0.0,0.0,0.0,0.0,0.0,0.0,0.0,0.0,0.0,0.0,0.0,0.0,0.0,0.0,0.0,0.0,0.0,0.0,0.0,0.0,0.0,0.0,0.0,0.0,0,0.0,0.0,0.0,0.0,0.0,0.0,0.0,0.0,0.0,0.0,0.0,0.0,0.0,0.0,0.0,0.0,0.0,0.0,0.0,0.0,0.0,0.0,0.0,0.0,0,0.0,0.0,0,0.0,0.0,0.0,0.0,0.0,0.0,0.0,0.0,0
Gizzard Curry Large,0.005813953488372093,0.0,0.0,0.0,0.0,0.0,0.0,0.0,0.0,0.0,0.0,0.013986013986013986,0.0,0.0,0.0,0.0,0.0,0.0,0.0,0.0,0.0,0.0,0.0,0.0,0,0.03571428571428571,0.0,0.0,0.0,0.0,0,0.0,0.0,0.0,0.0,0,0.0,0.0,0.0,0.0,0.0,0.0,0.0,0.0,0.0,0.0,0.0,0.0,0.0,0.0,0.0,0.0,0.0,0.0,0.0,0.0,0.0,0.0,0.0,0.0,0.0,0.0,0.0,0.0,0.0,0.0,0.0,0.0,0.0,0.0,0.0,0.0,0.0,0.0,0.0,0.0,0.0,0.0,0.0,0.0,0.0,0.0,0.0,0.0,0,0.0,0.0,0.0,0.0,0.0,0.0,0.0,0.0,0.0,0.0,0.0,0.0,0.0,0.0,0.0,0.0,0.0,0.0,0.0,0.0,0.0,0.0,0.0,0.0,0,0.0,0.0,0,1.0,0.0,0.0,0.0,0.0,0.0,0.0,0.0,0
Bandakka Fried Salad,0.017341040462427744,0.028169014084507043,0.025,0.0,0.0,0.0,0.0,0.0,0.029411764705882353,0.0,0.0,0.0,0.0,0.0,0.0,0.0,0.0,0.0,0.07317073170731707,0.0,0.0,0.0,0.0,0.0,0,0.0,0.0,0.0,0.0,0.0,0,0.0,0.0,0.0,0.0,0,0.0,0.0,0.0,0.0,0.0,0.0,0.0,0.0,0.0,0.0,0.0,0.0,0.0,0.0,0.0,0.0,0.0,0.0,0.0,0.0,0.0,0.0,0.0,0.0,0.0,0.0,0.0,0.0,0.0,0.0,0.0,0.0,0.0,0.0,0.0,0.0,0.0,0.0,0.0,0.0,0.0,0.0,0.0,0.0,0.0,0.0,0.0,0.0,0,0.0,0.0,0.0,0.0,0.0,0.0,0.0,0.0,0.0,0.0,0.0,0.0,0.0,0.0,0.0,0.0,0.0,0.0,0.0,0.0,0.0,0.0,0.0,0.0,0,0.0,0.0,0,0.0,1.0,0.0,0.0,0.0,0.0,0.0,0.0,0
Kunissan Sambol,0.0676056338028169,0.0,0.05917159763313609,0.0,0.0,0.2857142857142857,0.0,0.0,0.013793103448275862,0.0,0.0,0.0,0.0,0.0,0.025,0.0,0.03875968992248062,0.0,0.0,0.0,0.0,0.0,0.0,0.0,0,0.14925373134328357,0.0,0.0,0.0,0.0,0,0.0,0.0,0.12121212121212122,0.0,0,0.0,0.0,0.0,0.0,0.0,0.0,0.0,0.0,0.0,0.0,0.0,0.0,0.0,0.0,0.0,0.0,0.0,0.0784313725490196,0.0,0.13793103448275862,0.0,0.0,0.0,0.0,0.0,0.0,0.0,0.0,0.0,0.0,0.0,0.0,0.0,0.0,0.0,0.0,0.0,0.0,0.0,0.0,0.0,0.09302325581395349,0.0,0.0,0.0,0.0,0.0,0.0,0,0.0,0.0,0.0,0.0,0.0,0.0,0.0,0.0,0.0,0.0,0.0,0.0,0.0,0.0,0.0,0.0,0.0,0.0,0.0,0.0,0.0,0.0,0.0,0.0,0,0.0,0.0,0,0.0,0.0,1.0,0.0,0.0,0.0,0.1,0.0,0
Chicken Bistek Regular,0.08888888888888889,0.023529411764705882,0.04597701149425287,0.0,0.05405405405405406,0.0,0.0,0.09433962264150944,0.0,0.0,0.0,0.0,0.0,0.0,0.012121212121212121,0.0,0.060836501901140684,0.0,0.0,0.0,0.0,0.0,0.0,0.043478260869565216,0,0.0,0.0,0.0,0.0,0.0,0,0.0,0.045454545454545456,0.0,0.0,0,0.0,0.0,0.0,0.0,0.0,0.0,0.0,0.0,0.0,0.0,0.0,0.0967741935483871,0.0,0.0,0.0,0.13636363636363635,0.0,0.2857142857142857,0.0,0.0,0.0,0.0,0.0,0.0,0.0,0.0,0.0,0.0,0.0,0.0,0.0,0.0,0.0,0.0,0.0,0.0,0.0,0.0,0.0,0.0,0.0,0.08333333333333333,0.0,0.0,0.0,0.0,0.0,0.0,0,0.0,0.0,0.0,0.0,0.0,0.0,0.0,0.0,0.0,0.0,0.14285714285714285,0.0,0.0,0.0,0.0,0.0,0.0,0.0,0.0,0.0,0.0,0.0,0.0,0.0,0,0.0,0.0,0,0.0,0.0,0.0,1.0,0.0,0.0,0.0,0.0,0
Egg Bulls Eye,0.01729106628242075,0.0,0.012422360248447204,0.0,0.08333333333333333,0.0,0.0,0.0,0.0,0.0,0.04,0.0,0.0,0.0,0.0,0.0,0.008,0.4,0.0,0.0,0.08695652173913043,0.0,0.0,0.06060606060606061,0,0.03389830508474576,0.0,0.0,0.0,0.0,0,0.0,0.0,0.0,0.0,0,0.0,0.0,0.0,0.0,0.0,0.0,0.0,0.0,0.0,0.0,0.0,0.0,0.0,0.0,0.0,0.0,0.0,0.0,0.0,0.0,0.0,0.0,0.0,0.0,0.0,0.0,0.0,0.0,0.0,0.0,0.0,0.0,0.0,0.0,0.0,0.0,0.0,0.0,0.0,0.0,0.0,0.0,0.0,0.0,0.0,0.0,0.0,0.0,0,0.0,0.0,0.0,0.0,0.0,0.0,0.0,0.0,0.0,0.0,0.0,0.0,0.0,0.0,0.0,0.0,0.0,0.0,0.0,0.0,0.0,0.0,0.0,0.0,0,0.2,0.0,0,0.0,0.0,0.0,0.0,1.0,0.5714285714285714,0.0,0.0,0
Malu Miris Kirata,0.017341040462427744,0.028169014084507043,0.0,0.0,0.08695652173913043,0.0,0.0,0.0,0.014705882352941176,0.0,0.0,0.0,0.0,0.0,0.0,0.0,0.01606425702811245,0.0,0.0,0.0,0.09090909090909091,0.0,0.0,0.0,0,0.0,0.0,0.0,0.0,0.0,0,0.0,0.0,0.0,0.0,0,0.0,0.0,0.0,0.0,0.0,0.0,0.0,0.0,0.0,0.0,0.0,0.0,0.0,0.0,0.0,0.0,0.0,0.0,0.0,0.0,0.0,0.0,0.0,0.0,0.0,0.0,0.0,0.0,0.0,0.0,0.0,0.0,0.0,0.0,0.0,0.0,0.0,0.0,0.0,0.0,0.0,0.0,0.0,0.0,0.0,0.0,0.0,0.0,0,0.0,0.0,0.0,0.0,0.0,0.0,0.0,0.0,0.0,0.0,0.0,0.0,0.0,0.0,0.0,0.0,0.0,0.0,0.0,0.0,0.0,0.0,0.0,0.0,0,0.2222222222222222,0.0,0,0.0,0.0,0.0,0.0,0.5714285714285714,1.0,0.0,0.0,0
Arthapal Baduma,0.03988603988603989,0.0,0.0,0.0,0.0,0.0,0.0,0.0,0.014184397163120567,0.0,0.0,0.013333333333333334,0.0,0.0,0.01282051282051282,0.0,0.03937007874015748,0.0,0.0,0.0,0.0,0.0,0.0,0.05405405405405406,0,0.0,0.0,0.0,0.0,0.0,0,0.0,0.0,0.27586206896551724,0.0,0,0.0,0.0,0.0,0.0,0.0,0.0,0.0,0.0,0.0,0.0,0.0,0.0,0.0,0.14285714285714285,0.0,0.0,0.0,0.21276595744680848,0.0,0.24,0.0,0.0,0.0,0.0,0.0,0.0,0.0,0.0,0.0,0.0,0.0,0.0,0.0,0.0,0.0,0.0,0.0,0.0,0.0,0.0,0.0,0.0,0.0,0.0,0.0,0.0,0.0,0.0,0,0.0,0.0,0.0,0.0,0.0,0.0,0.0,0.0,0.0,0.0,0.0,0.0,0.0,0.0,0.0,0.0,0.0,0.0,0.0,0.0,0.0,0.0,0.0,0.0,0,0.0,0.0,0,0.0,0.0,0.1,0.0,0.0,0.0,1.0,0.0,0
Leeks Thelata,0.005813953488372093,0.0,0.0,0.0,0.0,0.0,0.0,0.0,0.014925373134328358,0.0,0.0,0.0,0.0,0.0,0.013422818791946308,0.0,0.0,0.0,0.0,0.0,0.0,0.0,0.0,0.0,0,0.0,0.0,0.0,0.0,0.0,0,0.0,0.0,0.0,0.0,0,0.0,0.0,0.0,0.0,0.0,0.0,0.0,0.0,0.0,0.0,0.0,0.0,0.0,0.0,0.0,0.0,0.0,0.0,0.0,0.0,0.0,0.0,0.0,0.0,0.0,0.0,0.0,0.0,0.0,0.0,0.0,0.0,0.0,0.0,0.0,0.0,0.0,0.0,0.0,0.0,0.0,0.0,0.0,0.0,0.0,0.0,0.0,0.0,0,0.0,0.0,0.0,0.0,0.0,0.0,0.0,0.0,0.0,0.0,0.0,0.0,0.0,0.0,0.0,0.0,0.0,0.0,0.0,0.0,0.0,0.0,0.0,0.0,0,0.0,0.0,0,0.0,0.0,0.0,0.0,0.0,0.0,0.0,1.0,0
VegetarianVege Balanced Meal,0.0,0.0,0.0,0.0,0.0,0.0,0.0,0.0,0.0,0.0,0.0,0.0,0.0,0.0,0.0,0.0,0.0,0.0,0.0,0.0,0.0,0.0,0.0,0.0,0,0.0,0.0,0.0,0.0,0.0,0,0.0,0.0,0.0,0.0,0,0.0,0.0,0.0,0.0,0.0,0.0,0.0,0.0,0.0,0.0,0.0,0.0,0.0,0.0,0.0,0.0,0.0,0.0,0.0,0.0,0.0,0.0,0.0,0.0,0.0,0.0,0.0,0.0,0.0,0.0,0.0,0.0,0.0,0.0,0.0,0.0,0.0,0.0,0.0,0.0,0.0,0.0,0.0,0.0,0.0,0.0,0.0,0.0,0,0.0,0.0,0.0,0.0,0.0,0.0,0.0,0.0,0.0,0.0,0.0,0.0,0.0,0.0,0.0,0.0,0.0,0.0,0.0,0.0,0.0,0.0,0.0,0.0,0,0.0,0.0,0,0.0,0.0,0.0,0.0,0.0,0.0,0.0,0.0,0
